##culture:mono#seed:484#rep:10#mu:(0.01, 0)#cycles:10#init_R:(2, 1000, 0)#init_n:(10, 0)#init_lag:(1, 0)#Ta:5#alpha:(3, 0)#mut_func:null#max_lag_change:(1.1, 0)
culture,rep,cycle,phase_end,species,genotype,ngrow,nlag,lag,M,L,A
mono,0,0,0,Escherichia coli,E0c0,0.0,10.0,1.0,2.0,1000.0,0.0
mono,0,0,1,Escherichia coli,E0c0,0.20350960168328858,0.06737947155404637,1.0,1.5135444136787126,995.1354196367874,4.9132009168450095
mono,0,0,2,Escherichia coli,E0c0,19.270884816697535,-4.038455116995529e-12,1.0,-5.447884502197383e-13,979.9997942000194,20.199995758006047
mono,0,0,2,Escherichia coli,E1c0,1.0,0.0,2.0464478624063593,-5.447884502197383e-13,979.9997942000194,20.199995758006047
mono,0,1,1,Escherichia coli,E0c0,0.19612092656807228,0.0649230998708996,1.0,1.5098756950003953,1485.0986173000192,15.050252601996348
mono,0,1,1,Escherichia coli,E1c0,0.028474406954323135,0.0434386741049697,2.0464478624063593,1.5098756950003953,1485.0986173000192,15.050252601996348
mono,0,1,2,Escherichia coli,E0c0,16.949655127002956,-1.1304935433624911e-15,1.0,-2.3841050377864402e-11,979.9997941997827,20.199995758241247
mono,0,1,2,Escherichia coli,E1c0,3.383297712105443,-5.231840948526083e-10,2.0464478624063593,-2.3841050377864402e-11,979.9997941997827,20.199995758241247
mono,0,2,1,Escherichia coli,E0c0,0.17159716907966982,0.057102940313229225,1.0,1.5152618104454039,1485.1524784544672,14.995852836001713
mono,0,2,1,Escherichia coli,E1c0,0.09604735605685638,0.14696596672161,2.0464478624063593,1.5152618104454039,1485.1524784544672,14.995852836001713
mono,0,2,2,Escherichia coli,E0c0,11.56517423340847,3.6725444289494166e-17,1.0,-1.0917339766589734e-11,979.9997941999114,20.19999575811071
mono,0,2,2,Escherichia coli,E1c0,8.90653490223932,-6.373361935332094e-10,2.0464478624063593,-1.0917339766589734e-11,979.9997941999114,20.19999575811071
mono,0,3,1,Escherichia coli,E0c0,0.1156894572295028,0.038962765909043906,1.0,1.5278393849295522,1485.2782541993088,14.868819333711805
mono,0,3,1,Escherichia coli,E1c0,0.2511027904774942,0.38688806701933964,2.0464478624063593,1.5278393849295522,1485.2782541993088,14.868819333711805
mono,0,3,2,Escherichia coli,E0c0,5.2088404249845315,-3.5892729390804817e-16,1.0,-8.606099829427192e-13,979.9997942000138,20.19999575800914
mono,0,3,2,Escherichia coli,E1c0,15.58379829332875,2.9655745137486966e-11,2.0464478624063593,-8.606099829427192e-13,979.9997942000138,20.19999575800914
mono,0,4,1,Escherichia coli,E0c0,0.051471213222129525,0.01754844601598925,1.0,1.5392983491687766,1485.3928438417013,14.753083794895645
mono,0,4,1,Escherichia coli,E1c0,0.436327973496899,0.6769395356489161,2.0464478624063593,1.5392983491687766,1485.3928438417013,14.753083794895645
mono,0,4,2,Escherichia coli,E0c0,1.666639840222426,-8.595548425773201e-18,1.0,3.8635854624481767e-10,979.999794203885,20.199995754098214
mono,0,4,2,Escherichia coli,E1c0,19.515642883719654,-6.872215737144674e-10,2.0464478624063593,3.8635854624481767e-10,979.999794203885,20.199995754098214
mono,0,5,1,Escherichia coli,E0c0,0.016392956533299096,0.0056148657156965135,1.0,1.5411854633272895,1485.4117149832857,14.734023941894659
mono,0,5,1,Escherichia coli,E1c0,0.545109981331575,0.847733651259177,2.0464478624063593,1.5411854633272895,1485.4117149832857,14.734023941894659
mono,0,5,2,Escherichia coli,E0c0,0.45581320203350767,-2.1371653393088098e-18,1.0,-1.2381939824507973e-10,979.999794198783,20.199995759251014
mono,0,5,2,Escherichia coli,E1c0,20.959033766051185,-4.2277591227076406e-10,2.0464478624063593,-1.2381939824507973e-10,979.999794198783,20.199995759251014
mono,0,6,1,Escherichia coli,E0c0,0.0044806882847679965,0.001535622697511823,1.0,1.5397179839677035,1485.3970401896904,14.748845483426486
mono,0,6,1,Escherichia coli,E1c0,0.5853350473009447,0.9104326374993934,2.0464478624063593,1.5397179839677035,1485.3970401896904,14.748845483426486
mono,0,6,2,Escherichia coli,E0c0,0.11833846636362502,-1.973295813567874e-17,1.0,2.9480161318104096e-10,979.999794202969,20.199995755022947
mono,0,6,2,Escherichia coli,E1c0,20.38344101588492,4.535290837097249e-09,2.0464478624063593,2.9480161318104096e-10,979.999794202969,20.199995755022947
mono,0,6,2,Escherichia coli,E2c6,1.0,0.0,2.1365741588245077,2.9480161318104096e-10,979.999794202969,20.199995755022947
mono,0,7,1,Escherichia coli,E0c0,0.0011631269514922895,0.000398679155120108,1.0,1.539122112176929,1485.3910814717822,14.754863788513282
mono,0,7,1,Escherichia coli,E1c0,0.5692535781337429,0.8854296514549144,2.0464478624063593,1.539122112176929,1485.3910814717822,14.754863788513282
mono,0,7,1,Escherichia coli,E2c6,0.028933348099621402,0.048154431760427205,2.1365741588245077,1.539122112176929,1485.3910814717822,14.754863788513282
mono,0,7,2,Escherichia coli,E0c0,0.03019790464803008,-1.0159356510693577e-18,1.0,7.2125021043252356e-12,979.9997942000937,20.199995757927578
mono,0,7,2,Escherichia coli,E1c0,20.44522793896583,-8.904329501101485e-10,2.0464478624063593,7.2125021043252356e-12,979.9997942000937,20.199995757927578
mono,0,7,2,Escherichia coli,E2c6,1.057902460408025,-7.134318977333162e-11,2.1365741588245077,7.2125021043252356e-12,979.9997942000937,20.199995757927578
mono,0,8,1,Escherichia coli,E0c0,0.00029683629841440265,0.0001017359403951315,1.0,1.5387212412161888,1485.3870727621763,14.758912585216784
mono,0,8,1,Escherichia coli,E1c0,0.5710239065617393,0.888113593258048,2.0464478624063593,1.5387212412161888,1485.3870727621763,14.758912585216784
mono,0,8,1,Escherichia coli,E2c6,0.030611043414335206,0.050942691836474825,2.1365741588245077,1.5387212412161888,1485.3870727621763,14.758912585216784
mono,0,8,2,Escherichia coli,E0c0,0.007672825430564828,-2.229932427661684e-19,1.0,-5.2420107560559155e-12,979.9997941999691,20.19999575805342
mono,0,8,2,Escherichia coli,E1c0,20.4190618759777,1.6082714927988928e-10,2.0464478624063593,-5.2420107560559155e-12,979.9997941999691,20.19999575805342
mono,0,8,2,Escherichia coli,E2c6,1.114350591744166,5.230257689642494e-11,2.1365741588245077,-5.2420107560559155e-12,979.9997941999691,20.19999575805342
mono,0,9,1,Escherichia coli,E0c0,7.54224928692856e-05,2.584954554501215e-05,1.0,1.5386370601298294,1485.3862309513115,14.759762814189006
mono,0,9,1,Escherichia coli,E1c0,0.5703006833707966,0.8869769742277904,2.0464478624063593,1.5386370601298294,1485.3862309513115,14.759762814189006
mono,0,9,1,Escherichia coli,E2c6,0.032244831688645816,0.05366091953120726,2.1365741588245077,1.5386370601298294,1485.3862309513115,14.759762814189006
mono,0,9,2,Escherichia coli,E0c0,0.0019472384596872702,-5.701754204421372e-20,1.0,-5.595340820860299e-12,979.9997941999654,20.19999575805693
mono,0,9,2,Escherichia coli,E1c0,20.368904012864316,1.7349730951752916e-10,2.0464478624063593,-5.595340820860299e-12,979.9997941999654,20.19999575805693
mono,0,9,2,Escherichia coli,E2c6,1.1724289149184528,5.6684379584717353e-11,2.1365741588245077,-5.595340820860299e-12,979.9997941999654,20.19999575805693
mono,1,0,0,Escherichia coli,E0c0,0.0,10.0,1.0,2.0,1000.0,0.0
mono,1,0,1,Escherichia coli,E0c0,0.20350960168328858,0.06737947155404637,1.0,1.5135444136787126,995.1354196367874,4.9132009168450095
mono,1,0,2,Escherichia coli,E0c0,20.270884816697535,-4.038455116995529e-12,1.0,-5.447884502197383e-13,979.9997942000194,20.199995758006047
mono,1,1,1,Escherichia coli,E0c0,0.20682471887407797,0.06829207533701953,1.0,1.5069836794454605,1485.0696971444702,15.079461959101177
mono,1,1,2,Escherichia coli,E0c0,20.27511253678648,-3.482049052619269e-12,1.0,-4.4902267421925194e-13,979.9997942000186,20.199995758005056
mono,1,2,1,Escherichia coli,E0c0,0.20687921060195416,0.06830631841433987,1.0,1.5068814231856464,1485.0686745818716,15.08049474732527
mono,1,2,2,Escherichia coli,E0c0,19.275181271577353,-3.4841816442467435e-12,1.0,-4.487778430239817e-13,979.9997942000202,20.19999575800505
mono,1,2,2,Escherichia coli,E1c2,1.0,0.0,1.0651612605641134,-4.487778430239817e-13,979.9997942000202,20.19999575800505
mono,1,3,1,Escherichia coli,E0c0,0.19664453233894227,0.06493757643245808,1.0,1.5070050461461795,1485.0699108114773,15.079246155423904
mono,1,3,1,Escherichia coli,E1c2,0.011535811937104824,0.004574435068539373,1.0651612605641134,1.5070050461461795,1485.0699108114773,15.079246155423904
mono,1,3,2,Escherichia coli,E0c0,19.12413787457867,-3.787285353500115e-12,1.0,-5.175083597741038e-13,979.9997942000194,20.199995758005734
mono,1,3,2,Escherichia coli,E1c2,1.153550223242306,-7.866474331746277e-13,1.0651612605641134,-5.175083597741038e-13,979.9997942000194,20.199995758005734
mono,1,4,1,Escherichia coli,E0c0,0.19510507704590488,0.06442871522453153,1.0,1.5069636514162574,1485.069496864178,15.07966424219613
mono,1,4,1,Escherichia coli,E1c2,0.013307241434042955,0.005276840594802084,1.0651612605641134,1.5069636514162574,1485.069496864178,15.07966424219613
mono,1,4,2,Escherichia coli,E0c0,18.949194612302453,-3.83087600016746e-12,1.0,-5.276054614553761e-13,979.9997942000194,20.199995758005816
mono,1,4,2,Escherichia coli,E1c2,1.3289190039528496,-9.24781523676728e-13,1.0651612605641134,-5.276054614553761e-13,979.9997942000194,20.199995758005816
mono,1,5,1,Escherichia coli,E0c0,0.19331586111561533,0.0638393360031432,1.0,1.50697532987802,1485.0696136487957,15.079546289732315
mono,1,5,1,Escherichia coli,E1c2,0.015329951960288218,0.006079053695655373,1.0651612605641134,1.50697532987802,1485.0696136487957,15.079546289732315
mono,1,5,2,Escherichia coli,E0c0,18.7497379619467,-3.878167772483214e-12,1.0,-5.392490294782528e-13,979.9997942000186,20.199995758005937
mono,1,5,2,Escherichia coli,E1c2,1.5288219826919585,-1.0880120264036024e-12,1.0651612605641134,-5.392490294782528e-13,979.9997942000186,20.199995758005937
mono,1,6,1,Escherichia coli,E0c0,0.19127594205966753,0.06316737182639937,1.0,1.506989578439031,1485.069756134406,15.079402379266096
mono,1,6,1,Escherichia coli,E1c2,0.01763552743457496,0.0069934968925796925,1.0651612605641134,1.506989578439031,1485.069756134406,15.079402379266096
mono,1,6,2,Escherichia coli,E0c0,18.52304937268537,-3.930195690952891e-12,1.0,-5.524003903122254e-13,979.9997942000199,20.19999575800606
mono,1,6,2,Escherichia coli,E1c2,1.7560187072869935,-1.2813612246405036e-12,1.0651612605641134,-5.524003903122254e-13,979.9997942000199,20.19999575800606
mono,1,7,1,Escherichia coli,E0c0,0.18895764608771623,0.062403663968128326,1.0,1.5070057511377273,1485.0699178613922,15.079239035009248
mono,1,7,1,Escherichia coli,E1c2,0.020255756270395806,0.008032793557988326,1.0651612605641134,1.5070057511377273,1485.0699178613922,15.079239035009248
mono,1,7,2,Escherichia coli,E0c0,18.26627929650388,-3.986944484839701e-12,1.0,-5.671923822208648e-13,979.999794200019,20.199995758006267
mono,1,7,2,Escherichia coli,E1c2,2.0133663050203303,-1.5105417538212323e-12,1.0651612605641134,-5.671923822208648e-13,979.999794200019,20.199995758006267
mono,1,8,1,Escherichia coli,E0c0,0.1863318919492936,0.06153861041435455,1.0,1.5070240225891895,1485.0701005759067,15.079054493349533
mono,1,8,1,Escherichia coli,E1c2,0.023223534113280625,0.009210013246653133,1.0651612605641134,1.5070240225891895,1485.0701005759067,15.079054493349533
mono,1,8,2,Escherichia coli,E0c0,17.97654508404303,-4.048019469669946e-12,1.0,-5.837421986354144e-13,979.9997942000177,20.199995758006395
mono,1,8,2,Escherichia coli,E1c2,2.303754707185639,-1.7822042744423917e-12,1.0651612605641134,-5.837421986354144e-13,979.9997942000177,20.199995758006395
mono,1,9,1,Escherichia coli,E0c0,0.1833692614401954,0.060562503560413324,1.0,1.5070445783142206,1485.0703061331578,15.0788468805267
mono,1,9,1,Escherichia coli,E1c2,0.026572118001524456,0.010538376112861741,1.0651612605641134,1.5070445783142206,1485.0703061331578,15.0788468805267
mono,1,9,2,Escherichia coli,E0c0,17.65102096880749,-4.11278763760638e-12,1.0,-6.021403699671837e-13,979.9997942000184,20.1999957580066
mono,1,9,2,Escherichia coli,E1c2,2.6300170316602856,-2.104070938853331e-12,1.0651612605641134,-6.021403699671837e-13,979.9997942000184,20.1999957580066
mono,2,0,0,Escherichia coli,E0c0,0.0,10.0,1.0,2.0,1000.0,0.0
mono,2,0,1,Escherichia coli,E0c0,0.20350960168328858,0.06737947155404637,1.0,1.5135444136787126,995.1354196367874,4.9132009168450095
mono,2,0,2,Escherichia coli,E0c0,20.270884816697535,-4.038455116995529e-12,1.0,-5.447884502197383e-13,979.9997942000194,20.199995758006047
mono,2,1,1,Escherichia coli,E0c0,0.20682471887407797,0.06829207533701953,1.0,1.5069836794454605,1485.0696971444702,15.079461959101177
mono,2,1,2,Escherichia coli,E0c0,20.27511253678648,-3.482049052619269e-12,1.0,-4.4902267421925194e-13,979.9997942000186,20.199995758005056
mono,2,2,1,Escherichia coli,E0c0,0.20687921060195416,0.06830631841433987,1.0,1.5068814231856464,1485.0686745818716,15.08049474732527
mono,2,2,2,Escherichia coli,E0c0,19.275181271577353,-3.4841816442467435e-12,1.0,-4.487778430239817e-13,979.9997942000202,20.19999575800505
mono,2,2,2,Escherichia coli,E1c2,1.0,0.0,1.874566009412225,-4.487778430239817e-13,979.9997942000202,20.19999575800505
mono,2,3,1,Escherichia coli,E0c0,0.1962512347617549,0.06493757449747892,1.0,1.5092302585540778,1485.0921629355555,15.05677151010413
mono,2,3,1,Escherichia coli,E1c2,0.02628751281217287,0.03472028358605136,1.874566009412225,1.5092302585540778,1485.0921629355555,15.05677151010413
mono,2,3,2,Escherichia coli,E0c0,16.2573505398764,-1.3375675126691142e-15,1.0,3.170555809234015e-13,979.9997942000253,20.19999575799724
mono,2,3,2,Escherichia coli,E1c2,3.064841798738494,2.871010423286595e-11,1.874566009412225,3.170555809234015e-13,979.9997942000253,20.19999575799724
mono,2,3,2,Escherichia coli,E2c3,1.0,0.0,1.0813062510604896,3.170555809234015e-13,979.9997942000253,20.19999575799724
mono,2,4,1,Escherichia coli,E0c0,0.16485802285208603,0.05477058448009583,1.0,1.5131013642094584,1485.1308739921099,15.017673342984766
mono,2,4,1,Escherichia coli,E1c2,0.08037308719178159,0.10641217643786514,1.874566009412225,1.5131013642094584,1485.1308739921099,15.017673342984766
mono,2,4,1,Escherichia coli,E2c3,0.011803834100340768,0.004906550830197515,1.0813062510604896,1.5131013642094584,1485.1308739921099,15.017673342984766
mono,2,4,2,Escherichia coli,E0c0,11.86812527673182,-1.481381396521387e-15,1.0,4.999516948210578e-13,979.9997942000293,20.19999575799543
mono,2,4,2,Escherichia coli,E1c2,7.675244768079911,1.565095330066622e-10,1.874566009412225,4.999516948210578e-13,979.9997942000293,20.19999575799543
mono,2,4,2,Escherichia coli,E2c3,0.8797499233612885,-6.828890642227384e-17,1.0813062510604896,4.999516948210578e-13,979.9997942000293,20.19999575799543
mono,2,5,1,Escherichia coli,E0c0,0.11933190839264185,0.039983399645306,1.0,1.5214558926476227,1485.2144192764924,14.933292605759307
mono,2,5,1,Escherichia coli,E1c2,0.20025678928021923,0.26648667496080947,1.874566009412225,1.5214558926476227,1485.2144192764924,14.933292605759307
mono,2,5,1,Escherichia coli,E2c3,0.01030333717945412,0.004316537661684565,1.0813062510604896,1.5214558926476227,1485.2144192764924,14.933292605759307
mono,2,5,2,Escherichia coli,E0c0,6.221080124213529,-2.0175370035570123e-16,1.0,-4.0960559676116663e-13,979.9997942000192,20.199995758004675
mono,2,5,2,Escherichia coli,E1c2,13.86341480805527,4.188309787523807e-11,1.874566009412225,-4.0960559676116663e-13,979.9997942000192,20.199995758004675
mono,2,5,2,Escherichia coli,E2c3,0.556179382992497,-9.146027260589881e-17,1.0813062510604896,-4.0960559676116663e-13,979.9997942000192,20.199995758004675
mono,2,6,1,Escherichia coli,E0c0,0.06192230951915639,0.020958654801713196,1.0,1.5306312478407909,1485.3061728284233,14.84062151830833
mono,2,6,1,Escherichia coli,E1c2,0.3595580167721904,0.4813416937734295,1.874566009412225,1.5306312478407909,1485.3061728284233,14.84062151830833
mono,2,6,1,Escherichia coli,E2c3,0.006453336563186279,0.0027289224282624016,1.0813062510604896,1.5306312478407909,1485.3061728284233,14.84062151830833
mono,2,6,2,Escherichia coli,E0c0,2.3708475341156223,-2.446878599792579e-16,1.0,-1.7501382159302136e-12,979.9997942000045,20.199995758018115
mono,2,6,2,Escherichia coli,E1c2,18.306225471587563,1.2561646334844403e-10,1.874566009412225,-1.7501382159302136e-12,979.9997942000045,20.199995758018115
mono,2,6,2,Escherichia coli,E2c3,0.2558855367559991,-6.694102824400234e-17,1.0813062510604896,-1.7501382159302136e-12,979.9997942000045,20.199995758018115
mono,2,7,1,Escherichia coli,E0c0,0.023470441379140124,0.007987322897838926,1.0,1.5339057692470424,1485.3389180424826,14.807548852105148
mono,2,7,1,Escherichia coli,E1c2,0.47333058496616404,0.6355973399966051,1.874566009412225,1.5339057692470424,1485.3389180424826,14.807548852105148
mono,2,7,1,Escherichia coli,E2c3,0.0029542763459130157,0.0012555154084609088,1.0813062510604896,1.5339057692470424,1485.3389180424826,14.807548852105148
mono,2,7,2,Escherichia coli,E0c0,0.7559393618707526,-1.161568994274124e-17,1.0,6.054035022572287e-13,979.9997942000274,20.199995757994348
mono,2,7,2,Escherichia coli,E1c2,20.29009985587536,-4.422553992749941e-11,1.874566009412225,6.054035022572287e-13,979.9997942000274,20.199995757994348
mono,2,7,2,Escherichia coli,E2c3,0.09855182892564912,1.0212790415816489e-18,1.0813062510604896,6.054035022572287e-13,979.9997942000274,20.199995757994348
mono,2,8,1,Escherichia coli,E0c0,0.007472983019356984,0.0025467396966211944,1.0,1.5334046039587732,1485.3339063896028,14.812610621516669
mono,2,8,1,Escherichia coli,E1c2,0.5242707588639253,0.7044780209301164,1.874566009412225,1.5334046039587732,1485.3339063896028,14.812610621516669
mono,2,8,1,Escherichia coli,E2c3,0.001136376738774945,0.00048354955280537364,1.0813062510604896,1.5334046039587732,1485.3339063896028,14.812610621516669
mono,2,8,2,Escherichia coli,E0c0,0.2246258638174287,3.2549313941266566e-16,1.0,-8.987360483050708e-12,979.9997941999324,20.199995758091212
mono,2,8,2,Escherichia coli,E1c2,19.98037892006983,-2.15086857836086e-09,1.874566009412225,-8.987360483050708e-12,979.9997941999324,20.199995758091212
mono,2,8,2,Escherichia coli,E2c3,0.035379193292286455,1.631380045562905e-16,1.0813062510604896,-8.987360483050708e-12,979.9997941999324,20.199995758091212
mono,2,8,2,Escherichia coli,E3c8,1.0,0.0,2.695582305303973,-8.987360483050708e-12,979.9997941999324,20.199995758091212
mono,2,9,1,Escherichia coli,E0c0,0.0022165958268275964,0.0007567586321978873,1.0,1.5352242982924045,1485.3521033329384,14.794231708746986
mono,2,9,1,Escherichia coli,E1c2,0.5157077822296054,0.6937244225625676,1.874566009412225,1.5352242982924045,1485.3521033329384,14.794231708746986
mono,2,9,1,Escherichia coli,E2c3,0.0004072715315895947,0.00017358981410850043,1.0813062510604896,1.5352242982924045,1485.3521033329384,14.794231708746986
mono,2,9,1,Escherichia coli,E3c8,0.0334570326915891,0.07823532813019532,2.695582305303973,1.5352242982924045,1485.3521033329384,14.794231708746986
mono,2,9,2,Escherichia coli,E0c0,0.06379239550329531,-3.7182209681712846e-17,1.0,7.117565883276797e-11,979.9997942007334,20.199995757281552
mono,2,9,2,Escherichia coli,E1c2,17.765574361313156,-8.444500586455556e-12,1.874566009412225,7.117565883276797e-11,979.9997942007334,20.199995757281552
mono,2,9,2,Escherichia coli,E2c3,0.012140636652871295,-1.3728827845745087e-17,1.0813062510604896,7.117565883276797e-11,979.9997942007334,20.199995757281552
mono,2,9,2,Escherichia coli,E3c8,1.4831669079256853,8.699604270629288e-09,2.695582305303973,7.117565883276797e-11,979.9997942007334,20.199995757281552
mono,2,9,2,Escherichia coli,E4c9,1.0,0.0,2.3647767745579156,7.117565883276797e-11,979.9997942007334,20.199995757281552
mono,2,9,2,Escherichia coli,E5c9,1.0,0.0,2.2611617020919375,7.117565883276797e-11,979.9997942007334,20.199995757281552
mono,3,0,0,Escherichia coli,E0c0,0.0,10.0,1.0,2.0,1000.0,0.0
mono,3,0,1,Escherichia coli,E0c0,0.20350960168328858,0.06737947155404637,1.0,1.5135444136787126,995.1354196367874,4.9132009168450095
mono,3,0,2,Escherichia coli,E0c0,19.270884816697535,-4.038455116995529e-12,1.0,-5.447884502197383e-13,979.9997942000194,20.199995758006047
mono,3,0,2,Escherichia coli,E1c0,1.0,0.0,1.117534534312242,-5.447884502197383e-13,979.9997942000194,20.199995758006047
mono,3,1,1,Escherichia coli,E0c0,0.19656378407939518,0.06492310178913027,1.0,1.5072182071103728,1485.072042421118,15.077093229685564
mono,3,1,1,Escherichia coli,E1c0,0.012620420492830929,0.005700041426797645,1.117534534312242,1.5072182071103728,1485.072042421118,15.077093229685564
mono,3,1,2,Escherichia coli,E0c0,17.99813778980161,-3.8173098343498154e-12,1.0,-5.115942092252635e-13,979.9997942000191,20.199995758005688
mono,3,1,2,Escherichia coli,E1c0,1.2816652995950122,-2.126791877812081e-12,1.117534534312242,-5.115942092252635e-13,979.9997942000191,20.199995758005688
mono,3,1,2,Escherichia coli,E2c1,1.0,0.0,1.0999321238302167,-5.115942092252635e-13,979.9997942000191,20.199995758005688
mono,3,2,1,Escherichia coli,E0c0,0.18354188331839147,0.0606352491753269,1.0,1.5072655329127025,1485.072515679142,15.076615239082027
mono,3,2,1,Escherichia coli,E1c0,0.01617210668319097,0.00730554521916093,1.117534534312242,1.5072655329127025,1485.072515679142,15.076615239082027
mono,3,2,1,Escherichia coli,E2c1,0.012252031370754578,0.005306184642894742,1.0999321238302167,1.5072655329127025,1485.072515679142,15.076615239082027
mono,3,2,2,Escherichia coli,E0c0,17.453857398209486,-4.145523671576903e-12,1.0,-5.839605610781211e-13,979.9997942000189,20.19999575800642
mono,3,2,2,Escherichia coli,E1c0,1.6159131101109265,-3.1549998647459946e-12,1.117534534312242,-5.839605610781211e-13,979.9997942000189,20.19999575800642
mono,3,2,2,Escherichia coli,E2c1,1.215438232583193,-1.7892144851235192e-12,1.0999321238302167,-5.839605610781211e-13,979.9997942000189,20.19999575800642
mono,3,3,1,Escherichia coli,E0c0,0.177976809328797,0.058801583009852026,1.0,1.5072556038204694,1485.0724163882182,15.076715522913592
mono,3,3,1,Escherichia coli,E1c0,0.02038822431699248,0.009210771567424789,1.117534534312242,1.5072556038204694,1485.0724163882182,15.076715522913592
mono,3,3,1,Escherichia coli,E2c1,0.014890516498096617,0.006449339686755527,1.0999321238302167,1.5072556038204694,1485.0724163882182,15.076715522913592
mono,3,3,2,Escherichia coli,E0c0,16.799354323798312,-4.2491747481154855e-12,1.0,-6.108169833107208e-13,979.9997942000174,20.199995758006683
mono,3,3,2,Escherichia coli,E1c0,2.022108431500491,-4.1968375448836956e-12,1.117534534312242,-6.108169833107208e-13,979.9997942000174,20.199995758006683
mono,3,3,2,Escherichia coli,E2c1,1.4662502290867871,-2.2949693943338487e-12,1.0999321238302167,-6.108169833107208e-13,979.9997942000174,20.199995758006683
mono,3,4,1,Escherichia coli,E0c0,0.17127722240737184,0.056596579550996604,1.0,1.5073396776596557,1485.0732571266108,15.075866377137807
mono,3,4,1,Escherichia coli,E1c0,0.02550989795011713,0.011526101705847329,1.117534534312242,1.5073396776596557,1485.0732571266108,15.075866377137807
mono,3,4,1,Escherichia coli,E2c1,0.017960847010380223,0.007780194455073811,1.0999321238302167,1.5073396776596557,1485.0732571266108,15.075866377137807
mono,3,4,2,Escherichia coli,E0c0,16.0287327617098,-2.228559724637638e-12,1.0,-2.7358679682937856e-13,979.9997942000216,20.19999575800326
mono,3,4,2,Escherichia coli,E1c0,2.508450362621794,-2.9505165235263263e-12,1.117534534312242,-2.7358679682937856e-13,979.9997942000216,20.19999575800326
mono,3,4,2,Escherichia coli,E2c1,1.7534634581116517,-1.5485265336600807e-12,1.0999321238302167,-2.7358679682937856e-13,979.9997942000216,20.19999575800326
mono,3,5,1,Escherichia coli,E0c0,0.16339151622258855,0.05400037598475963,1.0,1.50743931881934,1485.0742535382087,15.074860001425
mono,3,5,1,Escherichia coli,E1c0,0.03164042837548885,0.01429827083779562,1.117534534312242,1.50743931881934,1485.0742535382087,15.074860001425
mono,3,5,1,Escherichia coli,E2c1,0.021475673168401776,0.00930420088632111,1.0999321238302167,1.50743931881934,1485.0742535382087,15.074860001425
mono,3,5,2,Escherichia coli,E0c0,15.13817250184115,-1.345343326807103e-12,1.0,-1.1116350074513782e-13,979.9997942000247,20.199995758001705
mono,3,5,2,Escherichia coli,E1c0,2.0802439257626957,-2.440404272166233e-12,1.117534534312242,-1.1116350074513782e-13,979.9997942000247,20.199995758001705
mono,3,5,2,Escherichia coli,E2c1,2.075689776516052,-1.225651368649012e-12,1.0999321238302167,-1.1116350074513782e-13,979.9997942000247,20.199995758001705
mono,3,5,2,Escherichia coli,E3c5,1.0,0.0,1.4598530811088941,-1.1116350074513782e-13,979.9997942000247,20.199995758001705
mono,3,6,1,Escherichia coli,E0c0,0.15414827433640968,0.0510001033177822,1.0,1.5084175309040528,1485.084035659057,15.064980059369425
mono,3,6,1,Escherichia coli,E1c0,0.02621418822380593,0.011857476564288205,1.117534534312242,1.5084175309040528,1485.084035659057,15.064980059369425
mono,3,6,1,Escherichia coli,E2c1,0.02539751207030554,0.0110139933672621,1.0999321238302167,1.5084175309040528,1485.084035659057,15.064980059369425
mono,3,6,1,Escherichia coli,E3c5,0.019498366227369904,0.016274604870140114,1.4598530811088941,1.5084175309040528,1485.084035659057,15.064980059369425
mono,3,6,2,Escherichia coli,E0c0,13.535988111286825,-5.883557189847473e-13,1.0,-3.948923122705648e-12,979.9997941999858,20.199995758040387
mono,3,6,2,Escherichia coli,E1c0,2.4187840274661307,-1.0375897165503968e-12,1.117534534312242,-3.948923122705648e-12,979.9997941999858,20.199995758040387
mono,3,6,2,Escherichia coli,E2c1,2.326608710078766,-7.246251416910785e-13,1.0999321238302167,-3.948923122705648e-12,979.9997941999858,20.199995758040387
mono,3,6,2,Escherichia coli,E3c5,2.0340194045821893,-1.2849377426660867e-10,1.4598530811088941,-3.948923122705648e-12,979.9997941999858,20.199995758040387
mono,3,7,1,Escherichia coli,E0c0,0.1376842719077551,0.045602386576941635,1.0,1.5091671382540381,1485.0915317325573,15.057409025134532
mono,3,7,1,Escherichia coli,E1c0,0.03045107303670901,0.013787169192057608,1.117534534312242,1.5091671382540381,1485.0915317325573,15.057409025134532
mono,3,7,1,Escherichia coli,E2c1,0.028439915886918184,0.012345415599280781,1.0999321238302167,1.5091671382540381,1485.0915317325573,15.057409025134532
mono,3,7,1,Escherichia coli,E3c5,0.03963059730953582,0.033102862114348465,1.4598530811088941,1.5091671382540381,1485.0915317325573,15.057409025134532
mono,3,7,2,Escherichia coli,E0c0,11.364590393823857,-4.7178910290447126e-14,1.0,9.086185169361576e-14,979.9997942000248,20.199995757999556
mono,3,7,2,Escherichia coli,E1c0,2.641143452616984,-1.7124839191386027e-13,1.117534534312242,9.086185169361576e-14,979.9997942000248,20.199995757999556
mono,3,7,2,Escherichia coli,E2c1,2.4489943450932783,-1.1106416795922565e-13,1.0999321238302167,9.086185169361576e-14,979.9997942000248,20.199995757999556
mono,3,7,2,Escherichia coli,E3c5,3.8863112291275526,-4.281398294608194e-11,1.4598530811088941,9.086185169361576e-14,979.9997942000248,20.199995757999556
mono,3,8,1,Escherichia coli,E0c0,0.11537756730202123,0.03828700471667173,1.0,1.510657063000012,1485.1064309800151,15.04236078520019
mono,3,8,1,Escherichia coli,E1c0,0.033194311035488845,0.015054627076436629,1.117534534312242,1.510657063000012,1485.1064309800151,15.04236078520019
mono,3,8,1,Escherichia coli,E2c1,0.029884546321423778,0.012994816335106732,1.0999321238302167,1.510657063000012,1485.1064309800151,15.04236078520019
mono,3,8,1,Escherichia coli,E3c5,0.07562071952656196,0.06324817963151359,1.4598530811088941,1.510657063000012,1485.1064309800151,15.04236078520019
mono,3,8,2,Escherichia coli,E0c0,8.668968442796531,-1.9709742001286725e-14,1.0,-2.0748435240588263e-13,979.9997942000236,20.19999575800262
mono,3,8,2,Escherichia coli,E1c0,2.6208873706439784,-1.164405985589841e-13,1.117534534312242,-2.0748435240588263e-13,979.9997942000236,20.19999575800262
mono,3,8,2,Escherichia coli,E2c1,2.342604368806563,-6.990169151521662e-14,1.0999321238302167,-2.0748435240588263e-13,979.9997942000236,20.19999575800262
mono,3,8,2,Escherichia coli,E3c5,6.751197310050487,-1.098081834756563e-10,1.4598530811088941,-2.0748435240588263e-13,979.9997942000236,20.19999575800262
mono,3,9,1,Escherichia coli,E0c0,0.08777217060277616,0.029205525157671636,1.0,1.5127443908087894,1485.1273042581045,15.021278774331558
mono,3,9,1,Escherichia coli,E1c0,0.032860542342152584,0.01493916646888456,1.117534534312242,1.5127443908087894,1485.1273042581045,15.021278774331558
mono,3,9,1,Escherichia coli,E2c1,0.028516422978864735,0.012430291375753721,1.0999321238302167,1.5127443908087894,1485.1273042581045,15.021278774331558
mono,3,9,1,Escherichia coli,E3c5,0.13112017905926987,0.10987306846657312,1.4598530811088941,1.5127443908087894,1485.1273042581045,15.021278774331558
mono,3,9,2,Escherichia coli,E0c0,5.828948893874249,-1.2411871579800658e-14,1.0,-1.6320129378971902e-13,979.9997942000211,20.199995758002135
mono,3,9,2,Escherichia coli,E1c0,2.2933675528595363,-5.981158766241167e-14,1.117534534312242,-1.6320129378971902e-13,979.9997942000211,20.199995758002135
mono,3,9,2,Escherichia coli,E2c1,1.9758681784676486,-3.6376599169921976e-14,1.0999321238302167,-1.6320129378971902e-13,979.9997942000211,20.199995758002135
mono,3,9,2,Escherichia coli,E3c5,10.34852844860068,-5.874711930247446e-11,1.4598530811088941,-1.6320129378971902e-13,979.9997942000211,20.199995758002135
mono,4,0,0,Escherichia coli,E0c0,0.0,10.0,1.0,2.0,1000.0,0.0
mono,4,0,1,Escherichia coli,E0c0,0.20350960168328858,0.06737947155404637,1.0,1.5135444136787126,995.1354196367874,4.9132009168450095
mono,4,0,2,Escherichia coli,E0c0,20.270884816697535,-4.038455116995529e-12,1.0,-5.447884502197383e-13,979.9997942000194,20.199995758006047
mono,4,1,1,Escherichia coli,E0c0,0.20682471887407797,0.06829207533701953,1.0,1.5069836794454605,1485.0696971444702,15.079461959101177
mono,4,1,2,Escherichia coli,E0c0,20.27511253678648,-3.482049052619269e-12,1.0,-4.4902267421925194e-13,979.9997942000186,20.199995758005056
mono,4,2,1,Escherichia coli,E0c0,0.20687921060195416,0.06830631841433987,1.0,1.5068814231856464,1485.0686745818716,15.08049474732527
mono,4,2,2,Escherichia coli,E0c0,20.275181271577353,-3.4841816442467435e-12,1.0,-4.487778430239817e-13,979.9997942000202,20.19999575800505
mono,4,3,1,Escherichia coli,E0c0,0.2068800965875163,0.06830654998003717,1.0,1.5068797606934738,1485.0686579569501,15.080511538496236
mono,4,3,2,Escherichia coli,E0c0,20.27518238912836,-3.4842457762287253e-12,1.0,-4.4878324558223806e-13,979.9997942000199,20.199995758005045
mono,4,4,1,Escherichia coli,E0c0,0.20688011099266268,0.06830655374503568,1.0,1.5068797336632076,1485.0686576866474,15.080511811501927
mono,4,4,2,Escherichia coli,E0c0,20.27518240729849,-3.4842494666218264e-12,1.0,-4.487736810685094e-13,979.999794200019,20.199995758005056
mono,4,5,1,Escherichia coli,E0c0,0.20688011122687516,0.06830655380625061,1.0,1.506879733223725,1485.0686576822518,15.080511815940707
mono,4,5,2,Escherichia coli,E0c0,18.275182407593938,-3.48425775422437e-12,1.0,-4.487793401707259e-13,979.9997942000194,20.199995758005027
mono,4,5,2,Escherichia coli,E1c5,1.0,0.0,1.866581532118916,-4.487793401707259e-13,979.9997942000194,20.199995758005027
mono,4,5,2,Escherichia coli,E2c5,1.0,0.0,1.2344653748131695,-4.487793401707259e-13,979.9997942000194,20.199995758005027
mono,4,6,1,Escherichia coli,E0c0,0.1859635033067043,0.061568605261307426,1.0,1.5097081147292024,1485.0969414973074,15.05194516273536
mono,4,6,1,Escherichia coli,E1c5,0.026168164902768954,0.03432639186302825,1.866581532118916,1.5097081147292024,1485.0969414973074,15.05194516273536
mono,4,6,1,Escherichia coli,E2c5,0.015019374709603791,0.008708257659189624,1.2344653748131695,1.5097081147292024,1485.0969414973074,15.05194516273536
mono,4,6,2,Escherichia coli,E0c0,14.945465514027886,-9.388170672708082e-15,1.0,-2.4343227185217533e-12,979.9997941999967,20.199995758025025
mono,4,6,2,Escherichia coli,E1c5,2.9697853999387114,-9.960629123223976e-11,1.866581532118916,-2.4343227185217533e-12,979.9997941999967,20.199995758025025
mono,4,6,2,Escherichia coli,E2c5,1.4164991148740305,-5.828008676501604e-14,1.2344653748131695,-2.4343227185217533e-12,979.9997941999967,20.199995758025025
mono,4,6,2,Escherichia coli,E3c6,1.0,0.0,1.6007919512668352,-2.4343227185217533e-12,979.9997941999967,20.199995758025025
mono,4,7,1,Escherichia coli,E0c0,0.1512911836184792,0.050350878345553,1.0,1.514632919671937,1485.1461895467335,15.002204632813724
mono,4,7,1,Escherichia coli,E1c5,0.07747267745211844,0.10194201740507525,1.866581532118916,1.514632919671937,1485.1461895467335,15.002204632813724
mono,4,7,1,Escherichia coli,E2c5,0.021185030599484365,0.01233523932191221,1.2344653748131695,1.514632919671937,1485.1461895467335,15.002204632813724
mono,4,7,1,Escherichia coli,E3c6,0.021954728427925393,0.022002456656254596,1.6007919512668352,1.514632919671937,1485.1461895467335,15.002204632813724
mono,4,7,2,Escherichia coli,E0c0,10.168152609850985,-1.908198734743696e-13,1.0,7.724099498701234e-12,979.9997942000975,20.199995757922427
mono,4,7,2,Escherichia coli,E1c5,6.895892217588289,2.099768114194107e-11,1.866581532118916,7.724099498701234e-12,979.9997942000975,20.199995757922427
mono,4,7,2,Escherichia coli,E2c5,1.5664201698655875,-1.8257433384208747e-12,1.2344653748131695,7.724099498701234e-12,979.9997942000975,20.199995757922427
mono,4,7,2,Escherichia coli,E3c6,1.8280649196452556,-5.5862870030322875e-11,1.6007919512668352,7.724099498701234e-12,979.9997942000975,20.199995757922427
mono,4,8,1,Escherichia coli,E0c0,0.1021163054723895,0.034256237045706926,1.0,1.521996362839302,1485.2198239784059,14.927833856823346
mono,4,8,1,Escherichia coli,E1c5,0.17904465804860398,0.23671109852044483,1.866581532118916,1.521996362839302,1485.2198239784059,14.927833856823346
mono,4,8,1,Escherichia coli,E2c5,0.02327656998263127,0.013640790469480949,1.2344653748131695,1.521996362839302,1485.2198239784059,14.927833856823346
mono,4,8,1,Escherichia coli,E3c6,0.03992544771601234,0.04022191914172832,1.6007919512668352,1.521996362839302,1485.2198239784059,14.927833856823346
mono,4,8,2,Escherichia coli,E0c0,5.090889734524039,5.065143981612431e-15,1.0,-2.7938069953850274e-12,979.9997941999937,20.199995758028642
mono,4,8,2,Escherichia coli,E1c5,11.83346437483364,1.6398557705884697e-09,1.866581532118916,-2.7938069953850274e-12,979.9997941999937,20.199995758028642
mono,4,8,2,Escherichia coli,E2c5,1.277079422143043,1.7193482540938878e-13,1.2344653748131695,-2.7938069953850274e-12,979.9997941999937,20.199995758028642
mono,4,8,2,Escherichia coli,E3c6,2.467755155503766,3.696159595157683e-11,1.6007919512668352,-2.7938069953850274e-12,979.9997941999937,20.199995758028642
mono,4,9,1,Escherichia coli,E0c0,0.0507026021336655,0.017151072927566232,1.0,1.5291536556560021,1485.2913969065744,14.855545199374651
mono,4,9,1,Escherichia coli,E1c5,0.30574225313382886,0.4062001354149663,1.866581532118916,1.5291536556560021,1485.2913969065744,14.855545199374651
mono,4,9,1,Escherichia coli,E2c5,0.018849733205598386,0.01112113669930411,1.2344653748131695,1.5291536556560021,1485.2913969065744,14.855545199374651
mono,4,9,1,Escherichia coli,E3c6,0.05360466714441587,0.054296675849225325,1.6007919512668352,1.5291536556560021,1485.2913969065744,14.855545199374651
mono,4,9,2,Escherichia coli,E0c0,1.9504508915707008,-4.375046796320823e-17,1.0,-3.4304716872774793e-13,979.999794200019,20.19999575800391
mono,4,9,2,Escherichia coli,E1c5,15.61022618989475,-2.974512095271887e-11,1.866581532118916,-3.4304716872774793e-13,979.999794200019,20.19999575800391
mono,4,9,2,Escherichia coli,E2c5,0.7983104406264143,-1.7642759401221302e-15,1.2344653748131695,-3.4304716872774793e-13,979.999794200019,20.19999575800391
mono,4,9,2,Escherichia coli,E3c6,2.5586763661213983,-1.36842175598094e-12,1.6007919512668352,-3.4304716872774793e-13,979.999794200019,20.19999575800391
mono,5,0,0,Escherichia coli,E0c0,0.0,10.0,1.0,2.0,1000.0,0.0
mono,5,0,1,Escherichia coli,E0c0,0.20350960168328858,0.06737947155404637,1.0,1.5135444136787126,995.1354196367874,4.9132009168450095
mono,5,0,2,Escherichia coli,E0c0,20.270884816697535,-4.038455116995529e-12,1.0,-5.447884502197383e-13,979.9997942000194,20.199995758006047
mono,5,1,1,Escherichia coli,E0c0,0.20682471887407797,0.06829207533701953,1.0,1.5069836794454605,1485.0696971444702,15.079461959101177
mono,5,1,2,Escherichia coli,E0c0,20.27511253678648,-3.482049052619269e-12,1.0,-4.4902267421925194e-13,979.9997942000186,20.199995758005056
mono,5,2,1,Escherichia coli,E0c0,0.20687921060195416,0.06830631841433987,1.0,1.5068814231856464,1485.0686745818716,15.08049474732527
mono,5,2,2,Escherichia coli,E0c0,20.275181271577353,-3.4841816442467435e-12,1.0,-4.487778430239817e-13,979.9997942000202,20.19999575800505
mono,5,3,1,Escherichia coli,E0c0,0.2068800965875163,0.06830654998003717,1.0,1.5068797606934738,1485.0686579569501,15.080511538496236
mono,5,3,2,Escherichia coli,E0c0,20.27518238912836,-3.4842457762287253e-12,1.0,-4.4878324558223806e-13,979.9997942000199,20.199995758005045
mono,5,4,1,Escherichia coli,E0c0,0.20688011099266268,0.06830655374503568,1.0,1.5068797336632076,1485.0686576866474,15.080511811501927
mono,5,4,2,Escherichia coli,E0c0,20.27518240729849,-3.4842494666218264e-12,1.0,-4.487736810685094e-13,979.999794200019,20.199995758005056
mono,5,5,1,Escherichia coli,E0c0,0.20688011122687516,0.06830655380625061,1.0,1.506879733223725,1485.0686576822518,15.080511815940707
mono,5,5,2,Escherichia coli,E0c0,18.275182407593938,-3.48425775422437e-12,1.0,-4.487793401707259e-13,979.9997942000194,20.199995758005027
mono,5,5,2,Escherichia coli,E1c5,1.0,0.0,1.662525817614544,-4.487793401707259e-13,979.9997942000194,20.199995758005027
mono,5,5,2,Escherichia coli,E2c5,1.0,0.0,1.6293686568211943,-4.487793401707259e-13,979.9997942000194,20.199995758005027
mono,5,6,1,Escherichia coli,E0c0,0.18586932277415216,0.06156860529921922,1.0,1.5101683938937551,1485.1015442889534,15.047296343173377
mono,5,6,1,Escherichia coli,E1c5,0.0230624130957112,0.02470822058245837,1.662525817614544,1.5101683938937551,1485.1015442889534,15.047296343173377
mono,5,6,1,Escherichia coli,E2c5,0.022509927040787046,0.023241392657837066,1.6293686568211943,1.5101683938937551,1485.1015442889534,15.047296343173377
mono,5,6,2,Escherichia coli,E0c0,15.558273733561181,5.358578946625331e-14,1.0,-7.30673761583514e-14,979.9997942000261,20.199995758001275
mono,5,6,2,Escherichia coli,E1c5,2.430946755052523,1.431717579286022e-11,1.662525817614544,-7.30673761583514e-14,979.9997942000261,20.199995758001275
mono,5,6,2,Escherichia coli,E2c5,2.351735121927063,-2.685703848981792e-12,1.6293686568211943,-7.30673761583514e-14,979.9997942000261,20.199995758001275
mono,5,7,1,Escherichia coli,E0c0,0.15766246487639768,0.05241541321688248,1.0,1.5131535177180022,1485.1313955271964,15.017146592548494
mono,5,7,1,Escherichia coli,E1c5,0.05593490764837675,0.060064368687820946,1.662525817614544,1.5131535177180022,1485.1313955271964,15.017146592548494
mono,5,7,1,Escherichia coli,E2c5,0.052814208880770215,0.05465759943722306,1.6293686568211943,1.5131535177180022,1485.1313955271964,15.017146592548494
mono,5,7,2,Escherichia coli,E0c0,10.955408255398044,-3.059205531361017e-14,1.0,1.9539114903029978e-12,979.9997942000458,20.19999575798079
mono,5,7,2,Escherichia coli,E1c5,4.896117116460392,-2.8630730886597294e-11,1.662525817614544,1.9539114903029978e-12,979.9997942000458,20.19999575798079
mono,5,7,2,Escherichia coli,E2c5,4.582019301085919,-2.583811093582079e-11,1.6293686568211943,1.9539114903029978e-12,979.9997942000458,20.19999575798079
mono,5,8,1,Escherichia coli,E0c0,0.11032024239147802,0.03690848043942547,1.0,1.5186306549237119,1485.186166899254,14.961827506770847
mono,5,8,1,Escherichia coli,E1c5,0.11220694728282374,0.12097434172768966,1.662525817614544,1.5186306549237119,1485.186166899254,14.961827506770847
mono,5,8,1,Escherichia coli,E2c5,0.10248372222395931,0.1064925097600096,1.6293686568211943,1.5186306549237119,1485.186166899254,14.961827506770847
mono,5,8,2,Escherichia coli,E0c0,5.98080733570987,-2.407828140199485e-15,1.0,-5.588656675621728e-13,979.9997942000161,20.19999575800612
mono,5,8,2,Escherichia coli,E1c5,7.667598420584801,-5.36456661221393e-11,1.662525817614544,-5.588656675621728e-13,979.9997942000161,20.19999575800612
mono,5,8,2,Escherichia coli,E2c5,6.940976165912878,-3.5827135640120116e-11,1.6293686568211943,-5.588656675621728e-13,979.9997942000161,20.19999575800612
mono,5,9,1,Escherichia coli,E0c0,0.059858958688267606,0.020149182128087854,1.0,1.523289094576196,1485.2327512957754,14.914777266280714
mono,5,9,1,Escherichia coli,E1c5,0.1750512728622517,0.18945271325428725,1.662525817614544,1.523289094576196,1485.2327512957754,14.914777266280714
mono,5,9,1,Escherichia coli,E2c5,0.15464358775119738,0.16131795264185242,1.6293686568211943,1.523289094576196,1485.2327512957754,14.914777266280714
mono,5,9,2,Escherichia coli,E0c0,1.6219743795196875,-2.239774135550345e-15,1.0,-8.771389843507818e-13,979.9997942000164,20.199995758009372
mono,5,9,2,Escherichia coli,E1c5,9.671032001578585,-4.259888352412099e-11,1.662525817614544,-8.771389843507818e-13,979.9997942000164,20.199995758009372
mono,5,9,2,Escherichia coli,E2c5,8.467462929602451,-3.25259851498666e-11,1.6293686568211943,-8.771389843507818e-13,979.9997942000164,20.199995758009372
mono,5,9,2,Escherichia coli,E3c9,1.0,0.0,1.5872757562613646,-8.771389843507818e-13,979.9997942000164,20.199995758009372
mono,6,0,0,Escherichia coli,E0c0,0.0,10.0,1.0,2.0,1000.0,0.0
mono,6,0,1,Escherichia coli,E0c0,0.20350960168328858,0.06737947155404637,1.0,1.5135444136787126,995.1354196367874,4.9132009168450095
mono,6,0,2,Escherichia coli,E0c0,20.270884816697535,-4.038455116995529e-12,1.0,-5.447884502197383e-13,979.9997942000194,20.199995758006047
mono,6,1,1,Escherichia coli,E0c0,0.20682471887407797,0.06829207533701953,1.0,1.5069836794454605,1485.0696971444702,15.079461959101177
mono,6,1,2,Escherichia coli,E0c0,20.27511253678648,-3.482049052619269e-12,1.0,-4.4902267421925194e-13,979.9997942000186,20.199995758005056
mono,6,2,1,Escherichia coli,E0c0,0.20687921060195416,0.06830631841433987,1.0,1.5068814231856464,1485.0686745818716,15.08049474732527
mono,6,2,2,Escherichia coli,E0c0,20.275181271577353,-3.4841816442467435e-12,1.0,-4.487778430239817e-13,979.9997942000202,20.19999575800505
mono,6,3,1,Escherichia coli,E0c0,0.2068800965875163,0.06830654998003717,1.0,1.5068797606934738,1485.0686579569501,15.080511538496236
mono,6,3,2,Escherichia coli,E0c0,20.27518238912836,-3.4842457762287253e-12,1.0,-4.4878324558223806e-13,979.9997942000199,20.199995758005045
mono,6,4,1,Escherichia coli,E0c0,0.20688011099266268,0.06830655374503568,1.0,1.5068797336632076,1485.0686576866474,15.080511811501927
mono,6,4,2,Escherichia coli,E0c0,19.27518240729849,-3.4842494666218264e-12,1.0,-4.487736810685094e-13,979.999794200019,20.199995758005056
mono,6,4,2,Escherichia coli,E1c4,1.0,0.0,1.877536245748079,-4.487736810685094e-13,979.999794200019,20.199995758005056
mono,6,5,1,Escherichia coli,E0c0,0.1962499100018003,0.06493757832399816,1.0,1.5092395475617206,1485.0922558256327,15.056677691126946
mono,6,5,1,Escherichia coli,E1c4,0.02632836629945181,0.034867099051164425,1.877536245748079,1.5092395475617206,1485.0922558256327,15.056677691126946
mono,6,5,2,Escherichia coli,E0c0,17.25171119621127,-1.0956207802155786e-15,1.0,3.8048148142458565e-13,979.9997942000261,20.199995757996618
mono,6,5,2,Escherichia coli,E1c4,3.0706674903747446,3.865733342279123e-11,1.877536245748079,3.8048148142458565e-13,979.9997942000261,20.199995757996618
mono,6,6,1,Escherichia coli,E0c0,0.17497103714701268,0.058120559633468794,1.0,1.5129812967657492,1485.1296733176723,15.018886024166228
mono,6,6,1,Escherichia coli,E1c4,0.0806592164793672,0.10706526758071144,1.877536245748079,1.5129812967657492,1485.1296733176723,15.018886024166228
mono,6,6,2,Escherichia coli,E0c0,12.668789251080513,-1.3988149776281119e-13,1.0,7.537905699726843e-12,979.9997942000982,20.199995757924288
mono,6,6,2,Escherichia coli,E1c4,7.752022542521291,8.828275664095635e-11,1.877536245748079,7.537905699726843e-12,979.9997942000982,20.199995757924288
mono,6,7,1,Escherichia coli,E0c0,0.12737358834067855,0.042680815317404724,1.0,1.521625212003472,1485.2161124700488,14.93158248026521
mono,6,7,1,Escherichia coli,E1c4,0.2025660053748191,0.2702905378538969,1.877536245748079,1.521625212003472,1485.2161124700488,14.93158248026521
mono,6,7,2,Escherichia coli,E0c0,6.630601673221802,-1.7202672415974074e-16,1.0,-8.506564360863493e-15,979.9997942000208,20.19999575800052
mono,6,7,2,Escherichia coli,E1c4,14.012304941631228,-2.261807757573548e-10,1.877536245748079,-8.506564360863493e-15,979.9997942000208,20.19999575800052
mono,6,8,1,Escherichia coli,E0c0,0.06598109965424945,0.022338322100559527,1.0,1.5309681965305784,1485.3095423153188,14.837218336541445
mono,6,8,1,Escherichia coli,E1c4,0.3639302112863487,0.48856842449741633,1.877536245748079,1.5309681965305784,1485.3095423153188,14.837218336541445
mono,6,8,2,Escherichia coli,E0c0,2.510964443748812,-2.73655319751864e-16,1.0,-1.756162281437449e-12,979.9997942000057,20.199995758018197
mono,6,8,2,Escherichia coli,E1c4,18.429849220836413,9.781347990954087e-11,1.877536245748079,-1.756162281437449e-12,979.9997942000057,20.199995758018197
mono,6,9,1,Escherichia coli,E0c0,0.02485192337775781,0.008459373074819481,1.0,1.5341355559066514,1485.341215909081,14.805228006843127
mono,6,9,1,Escherichia coli,E1c4,0.47721210047570584,0.6425953785130589,1.877536245748079,1.5341355559066514,1485.341215909081,14.805228006843127
mono,6,9,2,Escherichia coli,E0c0,0.7959782731510919,6.636590700500537e-17,1.0,9.072960792873631e-12,979.9997942001123,20.199995757908802
mono,6,9,2,Escherichia coli,E1c4,20.35713606609951,2.028284439683564e-11,1.877536245748079,9.072960792873631e-12,979.9997942001123,20.199995757908802
mono,7,0,0,Escherichia coli,E0c0,0.0,10.0,1.0,2.0,1000.0,0.0
mono,7,0,1,Escherichia coli,E0c0,0.20350960168328858,0.06737947155404637,1.0,1.5135444136787126,995.1354196367874,4.9132009168450095
mono,7,0,2,Escherichia coli,E0c0,20.270884816697535,-4.038455116995529e-12,1.0,-5.447884502197383e-13,979.9997942000194,20.199995758006047
mono,7,1,1,Escherichia coli,E0c0,0.20682471887407797,0.06829207533701953,1.0,1.5069836794454605,1485.0696971444702,15.079461959101177
mono,7,1,2,Escherichia coli,E0c0,20.27511253678648,-3.482049052619269e-12,1.0,-4.4902267421925194e-13,979.9997942000186,20.199995758005056
mono,7,2,1,Escherichia coli,E0c0,0.20687921060195416,0.06830631841433987,1.0,1.5068814231856464,1485.0686745818716,15.08049474732527
mono,7,2,2,Escherichia coli,E0c0,20.275181271577353,-3.4841816442467435e-12,1.0,-4.487778430239817e-13,979.9997942000202,20.19999575800505
mono,7,3,1,Escherichia coli,E0c0,0.2068800965875163,0.06830654998003717,1.0,1.5068797606934738,1485.0686579569501,15.080511538496236
mono,7,3,2,Escherichia coli,E0c0,20.27518238912836,-3.4842457762287253e-12,1.0,-4.4878324558223806e-13,979.9997942000199,20.199995758005045
mono,7,4,1,Escherichia coli,E0c0,0.20688011099266268,0.06830655374503568,1.0,1.5068797336632076,1485.0686576866474,15.080511811501927
mono,7,4,2,Escherichia coli,E0c0,20.27518240729849,-3.4842494666218264e-12,1.0,-4.487736810685094e-13,979.999794200019,20.199995758005056
mono,7,5,1,Escherichia coli,E0c0,0.20688011122687516,0.06830655380625061,1.0,1.506879733223725,1485.0686576822518,15.080511815940707
mono,7,5,2,Escherichia coli,E0c0,19.275182407593938,-3.48425775422437e-12,1.0,-4.487793401707259e-13,979.9997942000194,20.199995758005027
mono,7,5,2,Escherichia coli,E1c5,1.0,0.0,2.051617431378747,-4.487793401707259e-13,979.9997942000194,20.199995758005027
mono,7,6,1,Escherichia coli,E0c0,0.1961733458147994,0.06493757833958062,1.0,1.5097880832201274,1485.0977411822182,15.051137480977035
mono,7,6,1,Escherichia coli,E1c5,0.028535818036468076,0.04370692511555142,2.051617431378747,1.5097880832201274,1485.0977411822182,15.051137480977035
mono,7,6,2,Escherichia coli,E0c0,16.941783478004904,-1.2881490395343867e-16,1.0,-5.181566947562273e-12,979.9997941999707,20.199995758052793
mono,7,6,2,Escherichia coli,E1c5,3.3915659202351347,-1.1259628786511523e-10,2.051617431378747,-5.181566947562273e-12,979.9997941999707,20.199995758052793
mono,7,7,1,Escherichia coli,E0c0,0.17150826132221209,0.057076420935879876,1.0,1.5153314130746016,1485.1531744807608,14.995149849446818
mono,7,7,1,Escherichia coli,E1c5,0.09648416440343831,0.14823491772310327,2.051617431378747,1.5153314130746016,1485.1531744807608,14.995149849446818
mono,7,7,2,Escherichia coli,E0c0,11.53542203306831,-2.80156817467212e-17,1.0,-1.915841843567406e-11,979.9997941998301,20.199995758193943
mono,7,7,2,Escherichia coli,E1c5,8.937877434637118,-7.16568474102378e-10,2.051617431378747,-1.915841843567406e-11,979.9997941998301,20.199995758193943
mono,7,8,1,Escherichia coli,E0c0,0.11537393929546573,0.03886253153615773,1.0,1.5280367709263893,1485.2802280592782,14.86682573514376
mono,7,8,1,Escherichia coli,E1c5,0.25250235622534617,0.3906471397202703,2.051617431378747,1.5280367709263893,1485.2802280592782,14.86682573514376
mono,7,8,2,Escherichia coli,E0c0,5.173612777632053,-3.322870590802243e-16,1.0,-6.261472367040839e-13,979.9997942000158,20.199995758006736
mono,7,8,2,Escherichia coli,E1c5,15.623768825777416,1.2506357826248195e-10,2.051617431378747,-6.261472367040839e-13,979.9997942000158,20.199995758006736
mono,7,9,1,Escherichia coli,E0c0,0.05111262806489727,0.017429765001613143,1.0,1.5395525886943602,1485.3953862369578,14.750515975687252
mono,7,9,1,Escherichia coli,E1c5,0.43833411424184504,0.6828668943620397,2.051617431378747,1.5395525886943602,1485.3953862369578,14.750515975687252
mono,7,9,2,Escherichia coli,E0c0,1.6478839393815936,8.064666608113607e-17,1.0,4.8507379846893756e-11,979.9997942005061,20.199995757510504
mono,7,9,2,Escherichia coli,E1c5,19.541855017872766,1.1773931858353989e-09,2.051617431378747,4.8507379846893756e-11,979.9997942005061,20.199995757510504
mono,8,0,0,Escherichia coli,E0c0,0.0,10.0,1.0,2.0,1000.0,0.0
mono,8,0,1,Escherichia coli,E0c0,0.20350960168328858,0.06737947155404637,1.0,1.5135444136787126,995.1354196367874,4.9132009168450095
mono,8,0,2,Escherichia coli,E0c0,19.270884816697535,-4.038455116995529e-12,1.0,-5.447884502197383e-13,979.9997942000194,20.199995758006047
mono,8,0,2,Escherichia coli,E1c0,1.0,0.0,1.252384127036924,-5.447884502197383e-13,979.9997942000194,20.199995758006047
mono,8,1,1,Escherichia coli,E0c0,0.19649638492845992,0.0649231017885191,1.0,1.5075308623159316,1485.0751689731758,15.073935412109448
mono,8,1,1,Escherichia coli,E1c0,0.015413145944144863,0.009227819549383825,1.252384127036924,1.5075308623159316,1485.0751689731758,15.073935412109448
mono,8,1,2,Escherichia coli,E0c0,18.66509982469156,-3.429286733434383e-12,1.0,-2.7576591622375614e-13,979.9997942000269,20.1999957580034
mono,8,1,2,Escherichia coli,E1c0,1.6209563678530794,-1.7621273610052088e-11,1.252384127036924,-2.7576591622375614e-13,979.9997942000269,20.1999957580034
mono,8,2,1,Escherichia coli,E0c0,0.19028166366710156,0.06288222625828525,1.0,1.5075036618589324,1485.0748969686085,15.074210136725162
mono,8,2,1,Escherichia coli,E1c0,0.024980348505364562,0.014957892766545019,1.252384127036924,1.5075036618589324,1485.0748969686085,15.074210136725162
mono,8,2,2,Escherichia coli,E0c0,17.717843546540486,-3.5937160196423502e-12,1.0,-3.37191560725578e-13,979.9997942000231,20.199995758003954
mono,8,2,2,Escherichia coli,E1c0,2.5752543235481777,-2.720425635982775e-11,1.252384127036924,-3.37191560725578e-13,979.9997942000231,20.199995758003954
mono,8,3,1,Escherichia coli,E0c0,0.1805316722888397,0.059690945395596204,1.0,1.5078553843231164,1485.0784141932463,15.070657739836864
mono,8,3,1,Escherichia coli,E1c0,0.03967081998103936,0.023763982075792296,1.252384127036924,1.5078553843231164,1485.0784141932463,15.070657739836864
mono,8,3,2,Escherichia coli,E0c0,15.330508885641152,-1.363087313588916e-12,1.0,1.711688563995902e-13,979.9997942000302,20.199995757998856
mono,8,3,2,Escherichia coli,E1c0,3.9731442708245948,-4.5040148923498494e-11,1.252384127036924,1.711688563995902e-13,979.9997942000302,20.199995757998856
mono,8,3,2,Escherichia coli,E2c3,1.0,0.0,1.033719360439809,1.711688563995902e-13,979.9997942000302,20.199995757998856
mono,8,4,1,Escherichia coli,E0c0,0.1560761341757881,0.05164807834863595,1.0,1.5084278821845203,1485.0841391718604,15.06487551143671
mono,8,4,1,Escherichia coli,E1c0,0.06116464111392381,0.036663458218348634,1.252384127036924,1.5084278821845203,1485.0841391718604,15.06487551143671
mono,8,4,1,Escherichia coli,E2c3,0.010866917943102426,0.003965791144886801,1.033719360439809,1.5084278821845203,1485.0841391718604,15.06487551143671
mono,8,4,2,Escherichia coli,E0c0,13.505946814533074,-7.249127070928124e-13,1.0,-6.042380012691432e-13,979.999794200025,20.19999575800665
mono,8,4,2,Escherichia coli,E1c0,5.860309241344652,-4.652243739513959e-11,1.252384127036924,-6.042380012691432e-13,979.999794200025,20.19999575800665
mono,8,4,2,Escherichia coli,E2c3,0.954124698348385,-1.1301676118682264e-13,1.033719360439809,-6.042380012691432e-13,979.999794200025,20.19999575800665
mono,8,5,1,Escherichia coli,E0c0,0.1373665019623084,0.04550117824386206,1.0,1.509052225683991,1485.0903826068584,15.05856964209203
mono,8,5,1,Escherichia coli,E1c0,0.09014762204052201,0.05407787623334124,1.252384127036924,1.509052225683991,1485.0903826068584,15.05856964209203
mono,8,5,1,Escherichia coli,E2c3,0.01035865292627429,0.00378385935745861,1.033719360439809,1.509052225683991,1485.0903826068584,15.05856964209203
mono,8,5,2,Escherichia coli,E0c0,11.280891556919178,-1.1014300638952868e-12,1.0,-1.3602874277482528e-12,979.9997942000145,20.199995758014303
mono,8,5,2,Escherichia coli,E1c0,8.197204334706496,-9.43769817346427e-11,1.252384127036924,-1.3602874277482528e-12,979.9997942000145,20.199995758014303
mono,8,5,2,Escherichia coli,E2c3,0.8631355281741356,-1.7925485258284298e-13,1.033719360439809,-1.3602874277482528e-12,979.9997942000145,20.199995758014303
mono,8,6,1,Escherichia coli,E0c0,0.11459809127282097,0.03800502565309964,1.0,1.509819436923934,1485.0980547192557,15.050820808568618
mono,8,6,1,Escherichia coli,E1c0,0.12597681650627904,0.07564232239035595,1.252384127036924,1.509819436923934,1485.0980547192557,15.050820808568618
mono,8,6,1,Escherichia coli,E2c3,0.009359978380992366,0.0034230152919677297,1.033719360439809,1.509819436923934,1485.0980547192557,15.050820808568618
mono,8,6,2,Escherichia coli,E0c0,8.854702994587733,-1.8349436854727457e-13,1.0,-7.325482180618889e-14,979.9997942000261,20.19999575800128
mono,8,6,2,Escherichia coli,E1c0,10.778480294724888,-2.0236801081300472e-11,1.252384127036924,-7.325482180618889e-14,979.9997942000261,20.19999575800128
mono,8,6,2,Escherichia coli,E2c3,0.7338176838149247,-3.11520222709238e-14,1.033719360439809,-7.325482180618889e-14,979.9997942000261,20.19999575800128
mono,8,7,1,Escherichia coli,E0c0,0.08983583223612016,0.029831259686138013,1.0,1.5105982894969494,1485.1058432449852,15.042954397581141
mono,8,7,1,Escherichia coli,E1c0,0.16548015161354712,0.09946187062692513,1.252384127036924,1.5105982894969494,1485.1058432449852,15.042954397581141
mono,8,7,1,Escherichia coli,E2c3,0.007947797075780616,0.002910167660385229,1.033719360439809,1.5105982894969494,1485.1058432449852,15.042954397581141
mono,8,7,2,Escherichia coli,E0c0,6.517004281481479,-1.5957911127539076e-13,1.0,1.6917397174688666e-13,979.9997942000253,20.199995757998774
mono,8,7,2,Escherichia coli,E1c0,13.293445225747119,-3.896839682549007e-11,1.252384127036924,1.6917397174688666e-13,979.9997942000253,20.199995757998774
mono,8,7,2,Escherichia coli,E2c3,0.5850132894471782,-3.1018191032400474e-14,1.033719360439809,1.6917397174688666e-13,979.9997942000253,20.199995757998774
mono,8,8,1,Escherichia coli,E0c0,0.06603903571942103,0.02195561564855391,1.0,1.5112740686073158,1485.1126010360883,15.036129028566409
mono,8,8,1,Escherichia coli,E1c0,0.20390056687929495,0.12266951408384166,1.252384127036924,1.5112740686073158,1485.1126010360883,15.036129028566409
mono,8,8,1,Escherichia coli,E2c3,0.006328801130978626,0.002320040593259053,1.033719360439809,1.5112740686073158,1485.1126010360883,15.036129028566409
mono,8,8,2,Escherichia coli,E0c0,4.521907915275548,-6.007097853442181e-14,1.0,9.984585517650655e-15,979.999794200026,20.19999575800044
mono,8,8,2,Escherichia coli,E1c0,15.461591129395364,-1.9618891746840678e-11,1.252384127036924,9.984585517650655e-15,979.999794200026,20.19999575800044
mono,8,8,2,Escherichia coli,E2c3,0.43971024141963705,-1.2051638459890566e-14,1.033719360439809,9.984585517650655e-15,979.999794200026,20.19999575800044
mono,8,9,1,Escherichia coli,E0c0,0.045776583489693934,0.015234188587582,1.0,1.5117776030480212,1485.117636380496,15.031043330715306
mono,8,9,1,Escherichia coli,E1c0,0.23697381910520923,0.14267677335741474,1.252384127036924,1.5117776030480212,1485.117636380496,15.031043330715306
mono,8,9,1,Escherichia coli,E2c3,0.004752345002094577,0.0017437990357742897,1.033719360439809,1.5117776030480212,1485.117636380496,15.031043330715306
mono,8,9,2,Escherichia coli,E0c0,2.9900318318517916,-5.4318523559315625e-14,1.0,8.367797815101092e-14,979.9997942000276,20.199995757999698
mono,8,9,2,Escherichia coli,E1c0,16.142152613732048,-2.6113745062554956e-11,1.252384127036924,8.367797815101092e-14,979.9997942000276,20.199995757999698
mono,8,9,2,Escherichia coli,E2c3,0.31496877009539304,-1.1635970073447178e-14,1.033719360439809,8.367797815101092e-14,979.9997942000276,20.199995757999698
mono,8,9,2,Escherichia coli,E3c9,1.0,0.0,1.77201045713695,8.367797815101092e-14,979.9997942000276,20.199995757999698
mono,9,0,0,Escherichia coli,E0c0,0.0,10.0,1.0,2.0,1000.0,0.0
mono,9,0,1,Escherichia coli,E0c0,0.20350960168328858,0.06737947155404637,1.0,1.5135444136787126,995.1354196367874,4.9132009168450095
mono,9,0,2,Escherichia coli,E0c0,20.270884816697535,-4.038455116995529e-12,1.0,-5.447884502197383e-13,979.9997942000194,20.199995758006047
mono,9,1,1,Escherichia coli,E0c0,0.20682471887407797,0.06829207533701953,1.0,1.5069836794454605,1485.0696971444702,15.079461959101177
mono,9,1,2,Escherichia coli,E0c0,20.27511253678648,-3.482049052619269e-12,1.0,-4.4902267421925194e-13,979.9997942000186,20.199995758005056
mono,9,2,1,Escherichia coli,E0c0,0.20687921060195416,0.06830631841433987,1.0,1.5068814231856464,1485.0686745818716,15.08049474732527
mono,9,2,2,Escherichia coli,E0c0,20.275181271577353,-3.4841816442467435e-12,1.0,-4.487778430239817e-13,979.9997942000202,20.19999575800505
mono,9,3,1,Escherichia coli,E0c0,0.2068800965875163,0.06830654998003717,1.0,1.5068797606934738,1485.0686579569501,15.080511538496236
mono,9,3,2,Escherichia coli,E0c0,20.27518238912836,-3.4842457762287253e-12,1.0,-4.4878324558223806e-13,979.9997942000199,20.199995758005045
mono,9,4,1,Escherichia coli,E0c0,0.20688011099266268,0.06830655374503568,1.0,1.5068797336632076,1485.0686576866474,15.080511811501927
mono,9,4,2,Escherichia coli,E0c0,20.27518240729849,-3.4842494666218264e-12,1.0,-4.487736810685094e-13,979.999794200019,20.199995758005056
mono,9,5,1,Escherichia coli,E0c0,0.20688011122687516,0.06830655380625061,1.0,1.506879733223725,1485.0686576822518,15.080511815940707
mono,9,5,2,Escherichia coli,E0c0,20.275182407593938,-3.48425775422437e-12,1.0,-4.487793401707259e-13,979.9997942000194,20.199995758005027
mono,9,6,1,Escherichia coli,E0c0,0.20688011123068287,0.06830655380724579,1.0,1.5068797332165798,1485.0686576821827,15.080511816012862
mono,9,6,2,Escherichia coli,E0c0,20.275182407598752,-3.484254497593609e-12,1.0,-4.4877288055607424e-13,979.9997942000199,20.199995758005027
mono,9,7,1,Escherichia coli,E0c0,0.2068801112307455,0.0683065538072622,1.0,1.506879733216462,1485.0686576821795,15.080511816014045
mono,9,7,2,Escherichia coli,E0c0,20.275182407598816,-3.4842282555971768e-12,1.0,-4.4878178891013787e-13,979.9997942000193,20.199995758005024
mono,9,8,1,Escherichia coli,E0c0,0.20688011123074623,0.06830655380726236,1.0,1.5068797332164607,1485.0686576821802,15.080511816014043
mono,9,8,2,Escherichia coli,E0c0,20.27518240759881,-3.4842456902736947e-12,1.0,-4.487757502783768e-13,979.9997942000201,20.19999575800502
mono,9,9,1,Escherichia coli,E0c0,0.2068801112307415,0.06830655380726071,1.0,1.506879733216461,1485.0686576821802,15.080511816014054
mono,9,9,2,Escherichia coli,E0c0,20.275182407598813,-3.4842451569533407e-12,1.0,-4.4877742328354586e-13,979.9997942000199,20.199995758005013
