##culture:co#seed:8#rep:5#mu:(0.0003, 0.0003)#cycles:10#init_R:(1, 1000, 0)#init_n:(5, 5)#init_lag:(1, 1)#Ta:5#alpha:(3, 3)#mut_func:null#max_lag_change:(1.1, 1.1)
seed,culture,rep,cycle,phase_end,species,genotype,nlag,ngrow,ntot,lag,Ta,M,L,A
8,co,0,0,0,Escherichia coli,E0c0,5.0,0.0,5.0,1.0,5,1.0,1000.0,0.0
8,co,0,0,0,Salmonella enterica,S0c0,5.0,0.0,5.0,1.0,5,1.0,1000.0,0.0
8,co,0,0,1,Escherichia coli,E0c0,0.033689731871209064,0.07413862500794409,0.10782835687915315,1.0,5,2.6532457880357097,997.5538892285242,0.03739997510976706
8,co,0,0,1,Salmonella enterica,S0c0,0.033689731871209064,2.533163513879147,2.566853245750356,1.0,5,2.6532457880357097,997.5538892285242,0.03739997510976706
8,co,0,0,2,Escherichia coli,E0c0,7.427828567349915e-12,1000.1076183344322,1000.1076183344396,1.0,5,344.3999276760101,-1.2404429722158573e-35,-1.0230417339917878e-26
8,co,0,0,2,Salmonella enterica,S0c0,7.427828567349915e-12,507.56674665688877,507.5667466568962,1.0,5,344.3999276760101,-1.2404429722158573e-35,-1.0230417339917878e-26
8,co,0,1,1,Escherichia coli,E0c0,3.3693360434912525,3.368228393406639,6.737564436897891,1.0,5,509.6198892996055,753.3418576438016,6.963439562821245
8,co,0,1,1,Salmonella enterica,S0c0,1.709978908906571,9.912130368383982,11.622109277290553,1.0,5,509.6198892996055,753.3418576438016,6.963439562821245
8,co,0,1,2,Escherichia coli,E0c0,8.947778571119259e-10,1006.7373530379845,1006.7373530388793,1.0,5,344.3999276760009,-3.894058081738702e-43,2.8845052750516735e-31
8,co,0,1,2,Salmonella enterica,S0c0,4.54110612055451e-10,516.6220007947462,516.6220007952003,1.0,5,344.3999276760009,-3.894058081738702e-43,2.8845052750516735e-31
8,co,0,2,1,Escherichia coli,E0c0,3.3916714425399404,3.39050013803716,6.782171580577101,1.0,5,512.5782287948791,751.7067275727367,4.612545931534958
8,co,0,2,1,Salmonella enterica,S0c0,1.7404858192613992,10.406875433413118,12.147361252674518,1.0,5,512.5782287948791,751.7067275727367,4.612545931534958
8,co,0,2,2,Escherichia coli,E0c0,1.2144674795570808e-09,1005.7819601720882,1005.7819601733028,1.0,5,344.39992767601797,9.697722599220355e-43,9.622933866152252e-32
8,co,0,2,2,Escherichia coli,E1c2,6.232217594736669e-10,517.1472526598278,517.147252660451,1.296560481037003,5,344.39992767601797,9.697722599220355e-43,9.622933866152252e-32
8,co,0,2,2,Salmonella enterica,S0c0,1.0,0.0,1.0,1.0,5,344.39992767601797,9.697722599220355e-43,9.622933866152252e-32
8,co,0,3,1,Escherichia coli,E0c0,3.3884527546819716,3.3968562346127866,6.785308989294759,1.0,5,308.48598793625507,627.1196099076511,376.1295464298501
8,co,0,3,1,Escherichia coli,E1c2,5.467511303774983,3.4510410408416585,8.918552344616641,1.296560481037003,5,308.48598793625507,627.1196099076511,376.1295464298501
8,co,0,3,1,Salmonella enterica,S0c0,0.003368973484171577,0.017008703075492237,0.020377676559663813,1.0,5,308.48598793625507,627.1196099076511,376.1295464298501
8,co,0,3,2,Escherichia coli,E0c0,0.0,454.4223000875882,454.4223000875882,1.0,5,344.39992767601046,1.9778162928966313e-30,-1.2871989373523879e-17
8,co,0,3,2,Escherichia coli,E1c2,1.0602106165746133e-09,561.2813479998629,561.2813480009231,1.296560481037003,5,344.39992767601046,1.9778162928966313e-30,-1.2871989373523879e-17
8,co,0,3,2,Salmonella enterica,S0c0,0.0,505.0202716223088,505.0202716223088,1.0,5,344.39992767601046,1.9778162928966313e-30,-1.2871989373523879e-17
8,co,0,4,1,Escherichia coli,E0c0,1.530936676374064,1.5304361162226248,3.0613727925966887,1.0,5,508.5836348389983,752.4401720394414,9.08707266446897
8,co,0,4,1,Escherichia coli,E1c2,5.934116633034784,3.7367189104822622,9.670835543517047,1.296560481037003,5,508.5836348389983,752.4401720394414,9.08707266446897
8,co,0,4,1,Salmonella enterica,S0c0,1.7013999004669471,9.860402526282975,11.561802426749923,1.0,5,508.5836348389983,752.4401720394414,9.08707266446897
8,co,0,4,2,Escherichia coli,E0c0,0.0,265.462102010712,265.462102010712,1.0,5,344.3999276760804,-4.9833374290163357e-29,-1.0668015265211854e-16
8,co,0,4,2,Escherichia coli,E1c2,3.579494690429931e-09,746.2698936942219,746.2698936978014,1.296560481037003,5,344.3999276760804,-4.9833374290163357e-29,-1.0668015265211854e-16
8,co,0,4,2,Escherichia coli,E2c4,0.0,516.5616939573434,516.5616939573434,2.1059575860000477,5,344.3999276760804,-4.9833374290163357e-29,-1.0668015265211854e-16
8,co,0,4,2,Salmonella enterica,S0c0,1.0,0.0,1.0,1.0,5,344.3999276760804,-4.9833374290163357e-29,-1.0668015265211854e-16
8,co,0,5,1,Escherichia coli,E0c0,0.8943347805119897,0.8964330771109755,1.7907678576229653,1.0,5,309.87822168777797,641.042112372765,362.06784008758507
8,co,0,5,1,Escherichia coli,E1c2,7.889898006339859,4.979494688587539,12.869392694927399,1.296560481037003,5,309.87822168777797,641.042112372765,362.06784008758507
8,co,0,5,1,Escherichia coli,E2c4,24.042682550310225,7.528262865399495,31.57094541570972,2.1059575860000477,5,309.87822168777797,641.042112372765,362.06784008758507
8,co,0,5,1,Salmonella enterica,S0c0,0.0033689734758293307,0.017029850584807344,0.020398824060636676,1.0,5,309.87822168777797,641.042112372765,362.06784008758507
8,co,0,5,2,Escherichia coli,E0c0,1.4073227080218177e-15,44.57122994091949,44.57122994091949,1.0,5,344.3999276760058,4.518010646384088e-32,-3.564458774647364e-19
8,co,0,5,2,Escherichia coli,E1c2,8.818924654460604e-13,306.7073234585299,306.7073234585308,1.296560481037003,5,344.3999276760058,4.518010646384088e-32,-3.564458774647364e-19
8,co,0,5,2,Escherichia coli,E2c4,5.6192346902459285e-08,694.952333112893,694.9523331690854,2.1059575860000477,5,344.3999276760058,4.518010646384088e-32,-3.564458774647364e-19
8,co,0,5,2,Salmonella enterica,S0c0,5.301407234264051e-18,505.02029276980454,505.02029276980454,1.0,5,344.3999276760058,4.518010646384088e-32,-3.564458774647364e-19
8,co,0,6,1,Escherichia coli,E0c0,0.15015929107311957,0.1501059422140368,0.3002652332871564,1.0,5,505.8715521181924,762.4620105679688,3.726895973289628
8,co,0,6,1,Escherichia coli,E1c2,3.2426465540849216,2.04185355313751,5.284500107222431,1.296560481037003,5,505.8715521181924,762.4620105679688,3.726895973289628
8,co,0,6,1,Escherichia coli,E2c4,32.34563950322974,10.109100900655337,42.454740403885076,2.1059575860000477,5,505.8715521181924,762.4620105679688,3.726895973289628
8,co,0,6,1,Salmonella enterica,S0c0,1.7013999667582145,14.622293256372608,16.32369322313082,1.0,5,505.8715521181924,762.4620105679688,3.726895973289628
8,co,0,6,2,Escherichia coli,E0c0,0.0,9.356004160729931,9.356004160729931,1.0,5,344.3999276759986,2.621081209085471e-26,4.3575622182225617e-13
8,co,0,6,2,Escherichia coli,E1c2,6.1846605766487e-14,145.98380654174528,145.98380654174534,1.296560481037003,5,344.3999276759986,2.621081209085471e-26,4.3575622182225617e-13
8,co,0,6,2,Escherichia coli,E2c4,7.186027726158424e-08,891.6994752441534,891.6994753160137,2.1059575860000477,5,344.3999276759986,2.621081209085471e-26,4.3575622182225617e-13
8,co,0,6,2,Escherichia coli,E3c6,0.0,521.3235837536641,521.3235837536641,2.9189697527946152,5,344.3999276759986,2.621081209085471e-26,4.3575622182225617e-13
8,co,0,6,2,Salmonella enterica,S0c0,1.0,0.0,1.0,1.0,5,344.3999276759986,2.621081209085471e-26,4.3575622182225617e-13
8,co,0,7,1,Escherichia coli,E0c0,0.03152012955886633,0.031587736827267156,0.06310786638613348,1.0,5,312.2575130326109,664.8353550303999,338.03670720959
8,co,0,7,1,Escherichia coli,E1c2,1.5434058805417736,0.973919642211119,2.5173255227528926,1.296560481037003,5,312.2575130326109,664.8353550303999,338.03670720959
8,co,0,7,1,Escherichia coli,E2c4,41.50297566578893,12.993764344456649,54.49674001024558,2.1059575860000477,5,312.2575130326109,664.8353550303999,338.03670720959
8,co,0,7,1,Escherichia coli,E3c6,47.0067222815296,9.768287523794429,56.775009805324025,2.9189697527946152,5,312.2575130326109,664.8353550303999,338.03670720959
8,co,0,7,1,Salmonella enterica,S0c0,0.003368973443937332,0.01707205683299268,0.020441030276930013,1.0,5,312.2575130326109,664.8353550303999,338.03670720959
8,co,0,7,2,Escherichia coli,E0c0,0.0,0.680682248886764,0.680682248886764,1.0,5,344.39992767600654,-3.3618614413495056e-24,8.478398531176982e-15
8,co,0,7,2,Escherichia coli,E1c2,1.52027207882946e-14,26.358843191581222,26.358843191581236,1.296560481037003,5,344.39992767600654,-3.3618614413495056e-24,8.478398531176982e-15
8,co,0,7,2,Escherichia coli,E2c4,9.096716130864215e-08,541.3419542017615,541.3419542927287,2.1059575860000477,5,344.39992767600654,-3.3618614413495056e-24,8.478398531176982e-15
8,co,0,7,2,Escherichia coli,E3c6,2.6514426611674864e-05,544.4704441813873,544.4704706958139,2.9189697527946152,5,344.39992767600654,-3.3618614413495056e-24,8.478398531176982e-15
8,co,0,7,2,Escherichia coli,E4c7,0.0,505.02033497601184,505.02033497601184,2.5549068116874936,5,344.39992767600654,-3.3618614413495056e-24,8.478398531176982e-15
8,co,0,7,2,Salmonella enterica,S0c0,1.0,0.0,1.0,1.0,5,344.39992767600654,-3.3618614413495056e-24,8.478398531176982e-15
8,co,0,8,1,Escherichia coli,E0c0,0.0022932003661857332,0.002298090988560743,0.004591291354746476,1.0,5,312.18922340624783,664.1525255616673,338.72637353646957
8,co,0,8,1,Escherichia coli,E1c2,0.2786774395951784,0.17584947107567162,0.45452691067085,1.296560481037003,5,312.18922340624783,664.1525255616673,338.72637353646957
8,co,0,8,1,Escherichia coli,E2c4,25.196047070750264,7.8883424318884385,33.0843895026387,2.1059575860000477,5,312.18922340624783,664.1525255616673,338.72637353646957
8,co,0,8,1,Escherichia coli,E3c6,49.093831554446645,10.201954753121832,59.29578630756848,2.9189697527946152,5,312.18922340624783,664.1525255616673,338.72637353646957
8,co,0,8,1,Escherichia coli,E4c7,35.674386793162554,8.727551493860023,44.401938287022574,2.5549068116874936,5,312.18922340624783,664.1525255616673,338.72637353646957
8,co,0,8,1,Salmonella enterica,S0c0,0.0033689733644974504,0.01708062037217365,0.0204495937366711,1.0,5,312.18922340624783,664.1525255616673,338.72637353646957
8,co,0,8,2,Escherichia coli,E0c0,1.1209389912868416e-22,0.04176148003784286,0.04176148003784286,1.0,5,344.39992767600717,2.0892937395335933e-27,6.450261912993051e-15
8,co,0,8,2,Escherichia coli,E1c2,2.712669491558767e-15,4.023904744481843,4.023904744481846,1.296560481037003,5,344.39992767600717,2.0892937395335933e-27,6.450261912993051e-15
8,co,0,8,2,Escherichia coli,E2c4,5.520804068920311e-08,279.77318163911,279.77318169431805,2.1059575860000477,5,344.39992767600717,2.0892937395335933e-27,6.450261912993051e-15
8,co,0,8,2,Escherichia coli,E3c6,2.7690904013505988e-05,484.947991887814,484.948019578718,2.9189697527946152,5,344.39992767600717,2.0892937395335933e-27,6.450261912993051e-15
8,co,0,8,2,Escherichia coli,E4c7,2.5914223087740165e-06,368.4541248290094,368.4541274204317,2.5549068116874936,5,344.39992767600717,2.0892937395335933e-27,6.450261912993051e-15
8,co,0,8,2,Salmonella enterica,S0c0,1.646787459359051e-22,505.02034353947073,505.02034353947073,1.0,5,344.39992767600717,2.0892937395335933e-27,6.450261912993051e-15
8,co,0,9,1,Escherichia coli,E0c0,0.00014069331923968672,0.00014064681300322813,0.00028134013224291485,1.0,5,502.149351105155,766.861922503863,4.619128772687853
8,co,0,9,1,Escherichia coli,E1c2,0.04254251466739201,0.026788989716479316,0.06933150438387133,1.296560481037003,5,502.149351105155,766.861922503863,4.619128772687853
8,co,0,9,1,Escherichia coli,E2c4,13.021673627949683,4.069767971316575,17.091441599266258,2.1059575860000477,5,502.149351105155,766.861922503863,4.619128772687853
8,co,0,9,1,Escherichia coli,E3c6,43.72680918853835,9.072109814937283,52.79891900347563,2.9189697527946152,5,502.149351105155,766.861922503863,4.619128772687853
8,co,0,9,1,Escherichia coli,E4c7,26.02741739700331,6.356993677290974,32.384411074294285,2.5549068116874936,5,502.149351105155,766.861922503863,4.619128772687853
8,co,0,9,1,Salmonella enterica,S0c0,1.7014001503718064,19.958462312243352,21.65986246261516,1.0,5,502.149351105155,766.861922503863,4.619128772687853
8,co,0,9,2,Escherichia coli,E0c0,2.798940092688428e-22,0.005205820400922726,0.005205820400922726,1.0,5,344.39992767601194,-5.099852981772007e-28,1.3157312957286779e-13
8,co,0,9,2,Escherichia coli,E1c2,4.275706616467928e-16,1.1348009699901598,1.1348009699901602,1.296560481037003,5,344.39992767601194,-5.099852981772007e-28,1.3157312957286779e-13
8,co,0,9,2,Escherichia coli,E2c4,2.852950637308953e-08,212.69102822764745,212.69102825617696,2.1059575860000477,5,344.39992767601194,-5.099852981772007e-28,1.3157312957286779e-13
8,co,0,9,2,Escherichia coli,E3c6,2.4663510483300414e-05,532.073244542445,532.0732692059554,2.9189697527946152,5,344.39992767601194,-5.099852981772007e-28,1.3157312957286779e-13
8,co,0,9,2,Escherichia coli,E4c7,1.8906109038920864e-06,355.439847994188,355.43984988479895,2.5549068116874936,5,344.39992767601194,-5.099852981772007e-28,1.3157312957286779e-13
8,co,0,9,2,Escherichia coli,E5c9,3.3847499797621625e-18,525.6597518725664,525.6597518725664,3.1163389395511625,5,344.39992767601194,-5.099852981772007e-28,1.3157312957286779e-13
8,co,0,9,2,Salmonella enterica,S0c0,1.0,0.0,1.0,1.0,5,344.39992767601194,-5.099852981772007e-28,1.3157312957286779e-13
8,co,0,9,2,Salmonella enterica,S1c9,1.0,0.0,1.0,1.2087555541793487,5,344.39992767601194,-5.099852981772007e-28,1.3157312957286779e-13
8,co,1,0,0,Escherichia coli,E0c0,5.0,0.0,5.0,1.0,5,1.0,1000.0,0.0
8,co,1,0,0,Salmonella enterica,S0c0,5.0,0.0,5.0,1.0,5,1.0,1000.0,0.0
8,co,1,0,1,Escherichia coli,E0c0,0.033689731871209064,0.07413862500794409,0.10782835687915315,1.0,5,2.6532457880357097,997.5538892285242,0.03739997510976706
8,co,1,0,1,Salmonella enterica,S0c0,0.033689731871209064,2.533163513879147,2.566853245750356,1.0,5,2.6532457880357097,997.5538892285242,0.03739997510976706
8,co,1,0,2,Escherichia coli,E0c0,7.427828567349915e-12,1000.1076183344322,1000.1076183344396,1.0,5,344.3999276760101,-1.2404429722158573e-35,-1.0230417339917878e-26
8,co,1,0,2,Salmonella enterica,S0c0,7.427828567349915e-12,507.56674665688877,507.5667466568962,1.0,5,344.3999276760101,-1.2404429722158573e-35,-1.0230417339917878e-26
8,co,1,1,1,Escherichia coli,E0c0,3.3693360434912525,3.368228393406639,6.737564436897891,1.0,5,509.6198892996055,753.3418576438016,6.963439562821245
8,co,1,1,1,Salmonella enterica,S0c0,1.709978908906571,9.912130368383982,11.622109277290553,1.0,5,509.6198892996055,753.3418576438016,6.963439562821245
8,co,1,1,2,Escherichia coli,E0c0,8.947778571119259e-10,1006.7373530379845,1006.7373530388793,1.0,5,344.3999276760009,-3.894058081738702e-43,2.8845052750516735e-31
8,co,1,1,2,Salmonella enterica,S0c0,4.54110612055451e-10,516.6220007947462,516.6220007952003,1.0,5,344.3999276760009,-3.894058081738702e-43,2.8845052750516735e-31
8,co,1,2,1,Escherichia coli,E0c0,3.3916714425399404,3.39050013803716,6.782171580577101,1.0,5,512.5782287948791,751.7067275727367,4.612545931534958
8,co,1,2,1,Salmonella enterica,S0c0,1.7404858192613992,10.406875433413118,12.147361252674518,1.0,5,512.5782287948791,751.7067275727367,4.612545931534958
8,co,1,2,2,Escherichia coli,E0c0,1.2144674795570808e-09,1006.7819601720882,1006.7819601733028,1.0,5,344.39992767601797,9.697722599220355e-43,9.622933866152252e-32
8,co,1,2,2,Salmonella enterica,S0c0,6.232217594736669e-10,517.1472526598278,517.147252660451,1.0,5,344.39992767601797,9.697722599220355e-43,9.622933866152252e-32
8,co,1,3,1,Escherichia coli,E0c0,3.391821722738789,3.390646201456538,6.782467924195327,1.0,5,512.7429571062606,751.6957239611622,4.411058717015909
8,co,1,3,1,Salmonella enterica,S0c0,1.742255378837405,10.455130938993051,12.197386317830457,1.0,5,512.7429571062606,751.6957239611622,4.411058717015909
8,co,1,3,2,Escherichia coli,E0c0,1.515114961290063e-09,1006.7822565153457,1006.7822565168608,1.0,5,344.39992767599813,4.097435790435476e-43,6.327937478218452e-30
8,co,1,3,2,Salmonella enterica,S0c0,7.782593993235532e-10,517.1972777143159,517.1972777150942,1.0,5,344.39992767599813,4.097435790435476e-43,6.327937478218452e-30
8,co,1,4,1,Escherichia coli,E0c0,3.391822721107419,3.3906467924567303,6.782469513564149,1.0,5,512.7585361702263,751.6956506699585,4.391150185867878
8,co,1,4,1,Salmonella enterica,S0c0,1.7424239119172238,10.45999237746993,12.202416289387154,1.0,5,512.7585361702263,751.6956506699585,4.391150185867878
8,co,1,4,2,Escherichia coli,E0c0,1.6166725458499012e-09,1006.7822581046089,1006.7822581062255,1.0,5,344.3999276760278,2.694909257375744e-41,8.505410357143885e-30
8,co,1,4,2,Salmonella enterica,S0c0,8.305059203145396e-10,517.2023076847715,517.202307685602,1.0,5,344.3999276760278,2.694909257375744e-41,8.505410357143885e-30
8,co,1,5,1,Escherichia coli,E0c0,3.3918227264614362,3.390646756812379,6.782469483273815,1.0,5,512.7601015567159,751.6956502574719,4.3891436438778415
8,co,1,5,1,Salmonella enterica,S0c0,1.7424408577542048,10.460483458235368,12.202924315989574,1.0,5,512.7601015567159,751.6956502574719,4.3891436438778415
8,co,1,5,2,Escherichia coli,E0c0,1.6300372091628238e-09,1006.7822580743081,1006.7822580759381,1.0,5,344.39992767601063,5.919928729916977e-42,8.85392583304417e-30
8,co,1,5,2,Salmonella enterica,S0c0,8.373796898720106e-10,517.2028157112646,517.202815712102,1.0,5,344.39992767601063,5.919928729916977e-42,8.85392583304417e-30
8,co,1,6,1,Escherichia coli,E0c0,3.39182272635938,3.3906467525692467,6.782469478928627,1.0,5,512.7602596503071,751.695650262871,4.388940955003976
8,co,1,6,1,Salmonella enterica,S0c0,1.742442569281996,10.460533076531842,12.202975645813838,1.0,5,512.7602596503071,751.695650262871,4.388940955003976
8,co,1,6,2,Escherichia coli,E0c0,1.6307904749364105e-09,1006.7822580699617,1006.7822580715925,1.0,5,344.39992767601757,-4.781520365022112e-42,8.873688214319698e-30
8,co,1,6,2,Salmonella enterica,S0c0,8.377674544718408e-10,517.2028670410938,517.2028670419315,1.0,5,344.39992767601757,-4.781520365022112e-42,8.873688214319698e-30
8,co,1,7,1,Escherichia coli,E0c0,3.3918227263447327,3.390646752136215,6.782469478480948,1.0,5,512.7602756236283,751.6956502637332,4.3889204756346825
8,co,1,7,1,Salmonella enterica,S0c0,1.7424427422108297,10.460538090019119,12.20298083222995,1.0,5,512.7602756236283,751.6956502637332,4.3889204756346825
8,co,1,7,2,Escherichia coli,E0c0,1.6309275922247104e-09,1006.7822580695127,1006.7822580711437,1.0,5,344.39992767600444,-4.824328939680516e-42,8.877267421335315e-30
8,co,1,7,2,Salmonella enterica,S0c0,8.378379967037144e-10,516.2028722274921,516.20287222833,1.0,5,344.39992767600444,-4.824328939680516e-42,8.877267421335315e-30
8,co,1,7,2,Salmonella enterica,S1c7,1.0,0.0,1.0,1.5654449266567783,5,344.39992767600444,-4.824328939680516e-42,8.877267421335315e-30
8,co,1,8,1,Escherichia coli,E0c0,3.3918227263692824,3.390647564638313,6.782470291007595,1.0,5,512.7403699406601,751.6956506701094,4.414440223647638
8,co,1,8,1,Salmonella enterica,S0c0,1.739073786218253,10.433784559631993,12.172858345850246,1.0,5,512.7403699406601,751.6956506701094,4.414440223647638
8,co,1,8,1,Salmonella enterica,S1c7,0.020504163476753268,0.03514107582448356,0.055645239301236826,1.5654449266567783,5,512.7403699406601,751.6956506701094,4.414440223647638
8,co,1,8,2,Escherichia coli,E0c0,8.905593235657004e-10,1006.782258882778,1006.7822588836685,1.0,5,344.3999276760207,-9.352940344044492e-43,1.245378875546998e-30
8,co,1,8,2,Salmonella enterica,S0c0,4.5661241602169404e-10,515.0442573808319,515.0442573812885,1.0,5,344.3999276760207,-9.352940344044492e-43,1.245378875546998e-30
8,co,1,8,2,Salmonella enterica,S1c7,0.0,2.184137594866311,2.184137594866311,1.5654449266567783,5,344.3999276760207,-9.352940344044492e-43,1.245378875546998e-30
8,co,1,9,1,Escherichia coli,E0c0,3.3918227291362677,3.3906483218863457,6.782471051022613,1.0,5,512.72472448006,751.6956508469849,4.434498350520887
8,co,1,9,1,Salmonella enterica,S0c0,1.7351704435415778,10.404652016327569,12.139822459869148,1.0,5,512.72472448006,751.6956508469849,4.434498350520887
8,co,1,9,1,Salmonella enterica,S1c7,0.04478391430087685,0.07671689166049193,0.12150080596136878,1.5654449266567783,5,512.72472448006,751.6956508469849,4.434498350520887
8,co,1,9,2,Escherichia coli,E0c0,7.255775633169328e-10,1006.7822596429588,1006.7822596436844,1.0,5,344.3999276760095,-5.383878339581057e-46,1.1031410729931316e-30
8,co,1,9,2,Salmonella enterica,S0c0,3.711870637455344e-10,512.5027437743754,512.5027437747466,1.0,5,344.3999276760095,-5.383878339581057e-46,1.1031410729931316e-30
8,co,1,9,2,Salmonella enterica,S1c7,0.0,4.758470875374593,4.758470875374593,1.5654449266567783,5,344.3999276760095,-5.383878339581057e-46,1.1031410729931316e-30
8,co,2,0,0,Escherichia coli,E0c0,5.0,0.0,5.0,1.0,5,1.0,1000.0,0.0
8,co,2,0,0,Salmonella enterica,S0c0,5.0,0.0,5.0,1.0,5,1.0,1000.0,0.0
8,co,2,0,1,Escherichia coli,E0c0,0.033689731871209064,0.07413862500794409,0.10782835687915315,1.0,5,2.6532457880357097,997.5538892285242,0.03739997510976706
8,co,2,0,1,Salmonella enterica,S0c0,0.033689731871209064,2.533163513879147,2.566853245750356,1.0,5,2.6532457880357097,997.5538892285242,0.03739997510976706
8,co,2,0,2,Escherichia coli,E0c0,7.427828567349915e-12,1000.1076183344322,1000.1076183344396,1.0,5,344.3999276760101,-1.2404429722158573e-35,-1.0230417339917878e-26
8,co,2,0,2,Salmonella enterica,S0c0,7.427828567349915e-12,507.56674665688877,507.5667466568962,1.0,5,344.3999276760101,-1.2404429722158573e-35,-1.0230417339917878e-26
8,co,2,1,1,Escherichia coli,E0c0,3.3693360434912525,3.368228393406639,6.737564436897891,1.0,5,509.6198892996055,753.3418576438016,6.963439562821245
8,co,2,1,1,Salmonella enterica,S0c0,1.709978908906571,9.912130368383982,11.622109277290553,1.0,5,509.6198892996055,753.3418576438016,6.963439562821245
8,co,2,1,2,Escherichia coli,E0c0,8.947778571119259e-10,1006.7373530379845,1006.7373530388793,1.0,5,344.3999276760009,-3.894058081738702e-43,2.8845052750516735e-31
8,co,2,1,2,Salmonella enterica,S0c0,4.54110612055451e-10,516.6220007947462,516.6220007952003,1.0,5,344.3999276760009,-3.894058081738702e-43,2.8845052750516735e-31
8,co,2,2,1,Escherichia coli,E0c0,3.3916714425399404,3.39050013803716,6.782171580577101,1.0,5,512.5782287948791,751.7067275727367,4.612545931534958
8,co,2,2,1,Salmonella enterica,S0c0,1.7404858192613992,10.406875433413118,12.147361252674518,1.0,5,512.5782287948791,751.7067275727367,4.612545931534958
8,co,2,2,2,Escherichia coli,E0c0,1.2144674795570808e-09,1006.7819601720882,1006.7819601733028,1.0,5,344.39992767601797,9.697722599220355e-43,9.622933866152252e-32
8,co,2,2,2,Salmonella enterica,S0c0,6.232217594736669e-10,516.1472526598278,516.147252660451,1.0,5,344.39992767601797,9.697722599220355e-43,9.622933866152252e-32
8,co,2,2,2,Salmonella enterica,S1c2,1.0,0.0,1.0,1.3697106851622192,5,344.39992767601797,9.697722599220355e-43,9.622933866152252e-32
8,co,2,3,1,Escherichia coli,E0c0,3.391821722757271,3.390646728334847,6.782468451092118,1.0,5,512.7307122675842,751.6957242246108,4.426756995832622
8,co,2,3,1,Salmonella enterica,S0c0,1.7388864053681004,10.430779349768352,12.169665755136453,1.0,5,512.7307122675842,751.6957242246108,4.426756995832622
8,co,2,3,1,Salmonella enterica,S1c2,0.012990290231726941,0.03042881821429689,0.04341910844602383,1.3697106851622192,5,512.7307122675842,751.6957242246108,4.426756995832622
8,co,2,3,2,Escherichia coli,E0c0,1.120668071765243e-09,1006.782257042636,1006.7822570437568,1.0,5,344.39992767601825,-1.101873205791007e-42,-1.5878129799015335e-32
8,co,2,3,2,Salmonella enterica,S0c0,5.745332732446079e-10,515.4557981380916,515.4557981386662,1.0,5,344.39992767601825,-1.101873205791007e-42,-1.5878129799015335e-32
8,co,2,3,2,Salmonella enterica,S1c2,8.242509959551787e-11,1.7571781188876727,1.757178118970098,1.3697106851622192,5,344.39992767601825,-1.101873205791007e-42,-1.5878129799015335e-32
8,co,2,4,1,Escherichia coli,E0c0,3.391822722913509,3.390647591810848,6.782470314724357,1.0,5,512.7419270804758,751.695650938815,4.412443653626465
8,co,2,4,1,Salmonella enterica,S0c0,1.7365569134262793,10.418697903107997,12.155254816534276,1.0,5,512.7419270804758,751.695650938815,4.412443653626465
8,co,2,4,1,Salmonella enterica,S1c2,0.022826253754266685,0.053478231013471905,0.07630448476773859,1.3697106851622192,5,512.7419270804758,751.695650938815,4.412443653626465
8,co,2,4,2,Escherichia coli,E0c0,7.970738306504075e-10,1006.7822589065895,1006.7822589073866,1.0,5,344.39992767601683,3.3904047395424344e-43,-7.456732635765043e-31
8,co,2,4,2,Salmonella enterica,S0c0,4.080885727170374e-10,514.1475241096125,514.1475241100206,1.0,5,344.39992767601683,3.3904047395424344e-43,-7.456732635765043e-31
8,co,2,4,2,Salmonella enterica,S1c2,1.4646123913177714e-10,3.08392658136596,3.0839265815124213,1.3697106851622192,5,344.39992767601683,3.3904047395424344e-43,-7.456732635765043e-31
8,co,2,5,1,Escherichia coli,E0c0,3.39182272921585,3.3906481465893377,6.7824708758051875,1.0,5,512.7314376455358,751.6956507534478,4.425891810592211
8,co,2,5,1,Salmonella enterica,S0c0,1.7321493729329218,10.388209792569375,12.120359165502297,1.0,5,512.7314376455358,751.6956507534478,4.425891810592211
8,co,2,5,1,Salmonella enterica,S1c2,0.04006110134722173,0.09382422209098908,0.1338853234382108,1.3697106851622192,5,512.7314376455358,751.6956507534478,4.425891810592211
8,co,2,5,2,Escherichia coli,E0c0,8.892942617527665e-10,1006.7822594675771,1006.7822594684663,1.0,5,344.3999276760023,2.978242731221926e-43,1.133514195534316e-30
8,co,2,5,2,Salmonella enterica,S0c0,4.541482928440168e-10,511.85164442939214,511.85164442984626,1.0,5,344.3999276760023,2.978242731221926e-43,1.133514195534316e-30
8,co,2,5,2,Salmonella enterica,S1c2,5.367783804044397e-11,5.4024914445932595,5.402491444646937,1.3697106851622192,5,344.3999276760023,2.978242731221926e-43,1.133514195534316e-30
8,co,2,6,1,Escherichia coli,E0c0,3.391822731151039,3.3906491859603944,6.782471917111433,1.0,5,512.7100896047732,751.6956511338307,4.453260758182517
8,co,2,6,1,Salmonella enterica,S0c0,1.7244146152026716,10.334107893461876,12.058522508664549,1.0,5,512.7100896047732,751.6956511338307,4.453260758182517
8,co,2,6,1,Salmonella enterica,S1c2,0.07017993184054745,0.16425397344168755,0.234433905282235,1.3697106851622192,5,512.7100896047732,751.6956511338307,4.453260758182517
8,co,2,6,2,Escherichia coli,E0c0,8.889598992637041e-10,1006.782260508885,1006.7822605097739,1.0,5,344.399927676005,1.1223905111433903e-44,1.5502470372414652e-30
8,co,2,6,2,Salmonella enterica,S0c0,4.5195034689738685e-10,507.8586620219862,507.8586620224382,1.0,5,344.399927676005,1.1223905111433903e-44,1.5502470372414652e-30
8,co,2,6,2,Salmonella enterica,S1c2,1.206798566058527e-10,9.434185768982294,9.434185769102974,1.3697106851622192,5,344.399927676005,1.1223905111433903e-44,1.5502470372414652e-30
8,co,2,7,1,Escherichia coli,E0c0,3.3918227347444665,3.390651001472388,6.782473736216854,1.0,5,512.6726595393009,751.6956517830561,4.501247449128538
8,co,2,7,1,Salmonella enterica,S0c0,1.7109623634135236,10.240283113915075,11.951245477328598,1.0,5,512.6726595393009,751.6956517830561,4.501247449128538
8,co,2,7,1,Salmonella enterica,S1c2,0.12255281124127579,0.28650143361285424,0.40905424485413,1.3697106851622192,5,512.6726595393009,751.6956517830561,4.501247449128538
8,co,2,7,2,Escherichia coli,E0c0,7.778507600192485e-10,1006.7822623281007,1006.7822623288786,1.0,5,344.3999276760053,-1.0724195491260593e-43,1.3511113001869933e-30
8,co,2,7,2,Salmonella enterica,S0c0,3.923770489781377e-10,500.9760091412912,500.97600914168356,1.0,5,344.3999276760053,-1.0724195491260593e-43,1.3511113001869933e-30
8,co,2,7,2,Salmonella enterica,S1c2,2.295002780711789e-10,16.384181944014603,16.384181944244105,1.3697106851622192,5,344.3999276760053,-1.0724195491260593e-43,1.3511113001869933e-30
8,co,2,8,1,Escherichia coli,E0c0,3.391822741041138,3.3906541319610084,6.782476873002146,1.0,5,512.6080961652129,751.6956528966729,4.584020023670777
8,co,2,8,1,Salmonella enterica,S0c0,1.6877748884770503,10.079537949799171,11.767312838276222,1.0,5,512.6080961652129,751.6956528966729,4.584020023670777
8,co,2,8,1,Salmonella enterica,S1c2,0.21283527866728047,0.49659695697533524,0.7094322356426157,1.3697106851622192,5,512.6080961652129,751.6956528966729,4.584020023670777
8,co,2,8,2,Escherichia coli,E0c0,4.0306065825687955e-10,1006.7822654652601,1006.7822654656632,1.0,5,344.39992767601655,2.815369162300181e-47,2.1900444214873558e-33
8,co,2,8,2,Salmonella enterica,S0c0,2.0056344188583195e-10,489.28964186611853,489.2896418663191,1.0,5,344.39992767601655,2.815369162300181e-47,2.1900444214873558e-33
8,co,2,8,2,Salmonella enterica,S1c2,2.3064545599728916e-10,28.186994547164527,28.186994547395173,1.3697106851622192,5,344.39992767601655,2.815369162300181e-47,2.1900444214873558e-33
8,co,2,9,1,Escherichia coli,E0c0,3.3918227558042933,3.39065944844277,6.782482204247064,1.0,5,512.498465005496,751.6956547780992,4.724571133521063
8,co,2,9,1,Salmonella enterica,S0c0,1.648403829097955,9.80933775041304,11.457741579510994,1.0,5,512.498465005496,751.6956547780992,4.724571133521063
8,co,2,9,1,Salmonella enterica,S1c2,0.36615723998049643,0.851621937302872,1.2177791772833684,1.3697106851622192,5,512.498465005496,751.6956547780992,4.724571133521063
8,co,2,9,2,Escherichia coli,E0c0,0.0,1005.782270796947,1005.782270796947,1.0,5,344.399927676002,3.510878279244579e-46,1.6223619011748033e-33
8,co,2,9,2,Escherichia coli,E1c9,0.0,469.9462276700481,469.9462276700481,1.8299789891456544,5,344.399927676002,3.510878279244579e-46,1.6223619011748033e-33
8,co,2,9,2,Salmonella enterica,S0c0,0.0,47.72918438578313,47.72918438578313,1.0,5,344.399927676002,3.510878279244579e-46,1.6223619011748033e-33
8,co,2,9,2,Salmonella enterica,S1c2,1.0,0.0,1.0,1.3697106851622192,5,344.399927676002,3.510878279244579e-46,1.6223619011748033e-33
8,co,3,0,0,Escherichia coli,E0c0,5.0,0.0,5.0,1.0,5,1.0,1000.0,0.0
8,co,3,0,0,Salmonella enterica,S0c0,5.0,0.0,5.0,1.0,5,1.0,1000.0,0.0
8,co,3,0,1,Escherichia coli,E0c0,0.033689731871209064,0.07413862500794409,0.10782835687915315,1.0,5,2.6532457880357097,997.5538892285242,0.03739997510976706
8,co,3,0,1,Salmonella enterica,S0c0,0.033689731871209064,2.533163513879147,2.566853245750356,1.0,5,2.6532457880357097,997.5538892285242,0.03739997510976706
8,co,3,0,2,Escherichia coli,E0c0,7.427828567349915e-12,999.1076183344322,999.1076183344396,1.0,5,344.3999276760101,-1.2404429722158573e-35,-1.0230417339917878e-26
8,co,3,0,2,Escherichia coli,E1c0,7.427828567349915e-12,507.56674665688877,507.5667466568962,1.5002901516348708,5,344.3999276760101,-1.2404429722158573e-35,-1.0230417339917878e-26
8,co,3,0,2,Salmonella enterica,S0c0,1.0,0.0,1.0,1.0,5,344.3999276760101,-1.2404429722158573e-35,-1.0230417339917878e-26
8,co,3,1,1,Escherichia coli,E0c0,3.3659670752885003,3.374149641757145,6.740116717045645,1.0,5,309.12487221888,633.5084913671546,369.6767811087216
8,co,3,1,1,Escherichia coli,E1c0,9.059304628522794,4.554779367703669,13.614083996226462,1.5002901516348708,5,309.12487221888,633.5084913671546,369.6767811087216
8,co,3,1,1,Salmonella enterica,S0c0,0.003368973485458678,0.017013656045275365,0.020382629530734043,1.0,5,309.12487221888,633.5084913671546,369.6767811087216
8,co,3,1,2,Escherichia coli,E0c0,0.0,358.8062828557421,358.8062828557421,1.0,5,344.39992767600785,2.840173509373945e-34,2.610267896953084e-22
8,co,3,1,2,Escherichia coli,E1c0,5.20754169445921e-12,661.5477036679515,661.5477036679567,1.5002901516348708,5,344.39992767600785,2.840173509373945e-34,2.610267896953084e-22
8,co,3,1,2,Salmonella enterica,S0c0,0.0,505.0202765752777,505.0202765752777,1.0,5,344.39992767600785,2.840173509373945e-34,2.610267896953084e-22
8,co,3,2,1,Escherichia coli,E0c0,1.2088088499021759,1.208395989135144,2.4172048390373195,1.0,5,508.4328697264353,754.9857486105851,7.0356849041212595
8,co,3,2,1,Escherichia coli,E1c0,11.807633601490325,5.923692571747461,17.731326173237786,1.5002901516348708,5,508.4328697264353,754.9857486105851,7.0356849041212595
8,co,3,2,1,Salmonella enterica,S0c0,1.7013999165384746,10.380049563202268,12.081449479740742,1.0,5,508.4328697264353,754.9857486105851,7.0356849041212595
8,co,3,2,2,Escherichia coli,E0c0,4.8673091445706034e-14,144.4998410619804,144.49984106198045,1.0,5,344.3999276760109,2.789038722414061e-38,-3.4819176325919584e-25
8,co,3,2,2,Escherichia coli,E1c0,2.94005328477186e-10,875.6484758134497,875.6484758137437,1.5002901516348708,5,344.3999276760109,2.789038722414061e-38,-3.4819176325919584e-25
8,co,3,2,2,Salmonella enterica,S0c0,6.850743585154568e-14,516.0813409011561,516.0813409011562,1.0,5,344.3999276760109,2.789038722414061e-38,-3.4819176325919584e-25
8,co,3,2,2,Salmonella enterica,S1c2,1.0,0.0,1.0,1.3861736258979116,5,344.3999276760109,2.789038722414061e-38,-3.4819176325919584e-25
8,co,3,3,1,Escherichia coli,E0c0,0.4868161327231834,0.486635140262417,0.9734512729856004,1.0,5,510.74937220692607,757.1844505427892,2.1270058407145056
8,co,3,3,1,Escherichia coli,E1c0,15.62901104547027,7.840637979020529,23.4696490244908,1.5002901516348708,5,510.74937220692607,757.1844505427892,2.1270058407145056
8,co,3,3,1,Salmonella enterica,S0c0,1.738664352165845,13.63304756444433,15.371711916610176,1.0,5,510.74937220692607,757.1844505427892,2.1270058407145056
8,co,3,3,1,Salmonella enterica,S1c2,0.013565860102602577,0.038713634160275484,0.05227949426287806,1.3861736258979116,5,510.74937220692607,757.1844505427892,2.1270058407145056
8,co,3,3,2,Escherichia coli,E0c0,0.0,49.11399133079123,49.11399133079123,1.0,5,344.39992767599574,-2.845746672058813e-32,3.0377392150466266e-19
8,co,3,3,2,Escherichia coli,E1c0,1.907325419547659e-10,975.32889395314,975.3288939533307,1.5002901516348708,5,344.39992767599574,-2.845746672058813e-32,3.0377392150466266e-19
8,co,3,3,2,Salmonella enterica,S0c0,0.0,518.7548326113829,518.7548326113829,1.0,5,344.39992767599574,-2.845746672058813e-32,3.0377392150466266e-19
8,co,3,3,2,Salmonella enterica,S1c2,0.0,1.6690495192501191,1.6690495192501191,1.3861736258979116,5,344.39992767599574,-2.845746672058813e-32,3.0377392150466266e-19
8,co,3,4,1,Escherichia coli,E0c0,0.16546373246600835,0.16540163841660246,0.3308653708826108,1.0,5,511.0272878386576,757.1253520971088,1.8228164550627453
8,co,3,4,1,Escherichia coli,E1c0,17.408156888928037,8.733165420494034,26.141322309422073,1.5002901516348708,5,511.0272878386576,757.1253520971088,1.8228164550627453
8,co,3,4,1,Salmonella enterica,S0c0,1.74767125442004,14.89176156231007,16.63943281673011,1.0,5,511.0272878386576,757.1253520971088,1.8228164550627453
8,co,3,4,1,Salmonella enterica,S1c2,0.022642092256310843,0.06930826794974716,0.09195036020605801,1.3861736258979116,5,511.0272878386576,757.1253520971088,1.8228164550627453
8,co,3,4,2,Escherichia coli,E0c0,0.0,15.549815494953398,15.549815494953398,1.0,5,344.39992767599307,2.5541342776760633e-32,2.9543962744585615e-20
8,co,3,4,2,Escherichia coli,E1c0,2.078370203458853e-09,1008.9221567555514,1008.9221567576299,1.5002901516348708,5,344.39992767599307,2.5541342776760633e-32,2.9543962744585615e-20
8,co,3,4,2,Escherichia coli,E2c4,0.0,519.0123042260013,519.0123042260013,2.2463828178911234,5,344.39992767599307,2.5541342776760633e-32,2.9543962744585615e-20
8,co,3,4,2,Escherichia coli,E3c4,5.630375613672473e-13,2.718969396251575,2.718969396252138,2.0966430852522375,5,344.39992767599307,2.5541342776760633e-32,2.9543962744585615e-20
8,co,3,4,2,Salmonella enterica,S0c0,1.0,0.0,1.0,1.0,5,344.39992767599307,2.5541342776760633e-32,2.9543962744585615e-20
8,co,3,4,2,Salmonella enterica,S1c2,1.0,0.0,1.0,1.3861736258979116,5,344.39992767599307,2.5541342776760633e-32,2.9543962744585615e-20
8,co,3,5,1,Escherichia coli,E0c0,0.052386915574211816,0.05250684319371576,0.10489375876792759,1.0,5,310.64857110452976,645.1591347815223,357.4498433829917
8,co,3,5,1,Escherichia coli,E1c0,18.007746210881173,9.052902795137546,27.06064900601872,1.5002901516348708,5,310.64857110452976,645.1591347815223,357.4498433829917
8,co,3,5,1,Escherichia coli,E2c4,28.021719600682722,8.068006627752945,36.089726228435666,2.2463828178911234,5,310.64857110452976,645.1591347815223,357.4498433829917
8,co,3,5,1,Escherichia coli,E3c4,0.12522304508059243,0.03943743529068087,0.1646604803712733,2.0966430852522375,5,310.64857110452976,645.1591347815223,357.4498433829917
8,co,3,5,1,Salmonella enterica,S0c0,0.0033689734512421503,0.017043326472469797,0.02041229992371195,1.0,5,310.64857110452976,645.1591347815223,357.4498433829917
8,co,3,5,1,Salmonella enterica,S1c2,0.013565860088497398,0.02661658317184202,0.040182443260339415,1.3861736258979116,5,310.64857110452976,645.1591347815223,357.4498433829917
8,co,3,5,2,Escherichia coli,E0c0,1.1201220656933319e-17,1.9411220174654158,1.9411220174654158,1.0,5,344.3999276760071,-1.153424888594921e-26,-2.9654188190752805e-15
8,co,3,5,2,Escherichia coli,E1c0,1.7140738355104202e-11,470.7472046524738,470.74720465249095,1.5002901516348708,5,344.3999276760071,-1.153424888594921e-26,-2.9654188190752805e-15
8,co,3,5,2,Escherichia coli,E2c4,2.1734069075978652e-07,588.016233466486,588.0162336838267,2.2463828178911234,5,344.3999276760071,-1.153424888594921e-26,-2.9654188190752805e-15
8,co,3,5,2,Escherichia coli,E3c4,2.5898074499407364e-10,2.7151462527857895,2.7151462530447703,2.0966430852522375,5,344.3999276760071,-1.153424888594921e-26,-2.9654188190752805e-15
8,co,3,5,2,Salmonella enterica,S0c0,7.203442806459942e-19,179.20144714148861,179.20144714148861,1.0,5,344.3999276760071,-1.153424888594921e-26,-2.9654188190752805e-15
8,co,3,5,2,Salmonella enterica,S1c2,1.5304495668830969e-15,325.85904153909127,325.85904153909127,1.3861736258979116,5,344.3999276760071,-1.153424888594921e-26,-2.9654188190752805e-15
8,co,3,6,1,Escherichia coli,E0c0,0.006539588508266518,0.006537479466984194,0.013077067975250711,1.0,5,503.3677533301234,760.9782635860047,8.24525489927099
8,co,3,6,1,Escherichia coli,E1c0,8.402131057337726,4.215268485727811,12.617399543065538,1.5002901516348708,5,503.3677533301234,760.9782635860047,8.24525489927099
8,co,3,6,1,Escherichia coli,E2c4,31.747274363987305,9.124313722424395,40.8715880864117,2.2463828178911234,5,503.3677533301234,760.9782635860047,8.24525489927099
8,co,3,6,1,Escherichia coli,E3c4,0.12504696893652423,0.03931018233503217,0.1643571512715564,2.0966430852522375,5,503.3677533301234,760.9782635860047,8.24525489927099
8,co,3,6,1,Salmonella enterica,S0c0,0.6037249146869198,3.8614760267772166,4.465200941464136,1.0,5,503.3677533301234,760.9782635860047,8.24525489927099
8,co,3,6,1,Salmonella enterica,S1c2,4.420558163317906,10.477806836977052,14.898365000294959,1.3861736258979116,5,503.3677533301234,760.9782635860047,8.24525489927099
8,co,3,6,2,Escherichia coli,E0c0,1.7265367698954038e-19,0.3728341169180301,0.3728341169180301,1.0,5,344.39992767601564,-5.560516181331379e-29,3.224262903037629e-15
8,co,3,6,2,Escherichia coli,E1c0,1.0691540283994976e-11,295.4885663632634,295.48856636327406,1.5002901516348708,5,344.39992767601564,-5.560516181331379e-29,3.224262903037629e-15
8,co,3,6,2,Escherichia coli,E2c4,2.486138187222833e-07,754.6359392836325,754.6359395322463,2.2463828178911234,5,344.39992767601564,-5.560516181331379e-29,3.224262903037629e-15
8,co,3,6,2,Escherichia coli,E3c4,2.6322271356058553e-10,3.168860987051011,3.168860987314234,2.0966430852522375,5,344.39992767601564,-5.560516181331379e-29,3.224262903037629e-15
8,co,3,6,2,Salmonella enterica,S0c0,1.593912618327904e-17,127.44335439147086,127.44335439147086,1.0,5,344.39992767601564,-5.560516181331379e-29,3.224262903037629e-15
8,co,3,6,2,Salmonella enterica,S1c2,8.163301534275389e-13,396.9201014676096,396.9201014676104,1.3861736258979116,5,344.39992767601564,-5.560516181331379e-29,3.224262903037629e-15
8,co,3,7,1,Escherichia coli,E0c0,0.0012560683315667647,0.0012556337377901973,0.0025117020693569622,1.0,5,504.32367957628855,766.8669174524152,1.8271236486642704
8,co,3,7,1,Escherichia coli,E1c0,5.274027443479407,2.645880633200797,7.919908076680205,1.5002901516348708,5,504.32367957628855,766.8669174524152,1.8271236486642704
8,co,3,7,1,Escherichia coli,E2c4,40.74315105184187,11.70958494253858,52.45273599438045,2.2463828178911234,5,504.32367957628855,766.8669174524152,1.8271236486642704
8,co,3,7,1,Escherichia coli,E3c4,0.14594295291477527,0.04587837295357884,0.1918213258683541,2.0966430852522375,5,504.32367957628855,766.8669174524152,1.8271236486642704
8,co,3,7,1,Salmonella enterica,S0c0,0.4293533082299998,4.230696902134148,4.6600502103641475,1.0,5,504.32367957628855,766.8669174524152,1.8271236486642704
8,co,3,7,1,Salmonella enterica,S1c2,5.384562615062533,18.499845729816958,23.88440834487949,1.3861736258979116,5,504.32367957628855,766.8669174524152,1.8271236486642704
8,co,3,7,2,Escherichia coli,E0c0,0.0,0.06596949461962243,0.06596949461962243,1.0,5,344.3999276760318,-3.024866874896097e-30,5.5257238395337814e-17
8,co,3,7,2,Escherichia coli,E1c0,4.798467257295581e-12,170.27942103522685,170.27942103523165,1.5002901516348708,5,344.3999276760318,-3.024866874896097e-30,5.5257238395337814e-17
8,co,3,7,2,Escherichia coli,E2c4,3.152311554275343e-07,886.8335130282813,886.8335133435125,2.2463828178911234,5,344.3999276760318,-3.024866874896097e-30,5.5257238395337814e-17
8,co,3,7,2,Escherichia coli,E3c4,3.007613015776326e-10,3.387851005016318,3.387851005317079,2.0966430852522375,5,344.3999276760318,-3.024866874896097e-30,5.5257238395337814e-17
8,co,3,7,2,Salmonella enterica,S0c0,0.0,91.03691334111512,91.03691334111512,1.0,5,344.3999276760318,-3.024866874896097e-30,5.5257238395337814e-17
8,co,3,7,2,Salmonella enterica,S1c2,5.19781824088452e-13,442.5074332092929,442.5074332092934,1.3861736258979116,5,344.3999276760318,-3.024866874896097e-30,5.5257238395337814e-17
8,co,3,8,1,Escherichia coli,E0c0,0.00022224948433524,0.0002221727958769344,0.0004444222802121744,1.0,5,503.89827397992866,768.06375246128,1.3171524656887588
8,co,3,8,1,Escherichia coli,E1c0,3.0392321026776568,1.5247266372754296,4.563958739953087,1.5002901516348708,5,503.89827397992866,768.06375246128,1.3171524656887588
8,co,3,8,1,Escherichia coli,E2c4,47.88056053170721,13.760882969020594,61.6414435007278,2.2463828178911234,5,503.89827397992866,768.06375246128,1.3171524656887588
8,co,3,8,1,Escherichia coli,E3c4,0.15602861139302224,0.04904890524789467,0.2050775166409169,2.0966430852522375,5,503.89827397992866,768.06375246128,1.3171524656887588
8,co,3,8,1,Salmonella enterica,S0c0,0.30670095567954436,3.6002645767107126,3.906965532390257,1.0,5,503.89827397992866,768.06375246128,1.3171524656887588
8,co,3,8,1,Salmonella enterica,S1c2,6.002993955971778,23.923776537052245,29.926770493024023,1.3861736258979116,5,503.89827397992866,768.06375246128,1.3171524656887588
8,co,3,8,2,Escherichia coli,E0c0,4.695452244087198e-21,0.010902221004492093,0.010902221004492093,1.0,5,344.3999276760499,1.1230838585370658e-29,8.796783106200118e-15
8,co,3,8,2,Escherichia coli,E1c0,3.016171544304262e-12,91.53428412200246,91.53428412200547,1.5002901516348708,5,344.3999276760499,1.1230838585370658e-29,8.796783106200118e-15
8,co,3,8,2,Escherichia coli,E2c4,3.684680251971185e-07,971.4890055407385,971.4890059092065,2.2463828178911234,5,344.3999276760499,1.1230838585370658e-29,8.796783106200118e-15
8,co,3,8,2,Escherichia coli,E3c4,3.188747535918987e-10,3.376508543022553,3.3765085433414277,2.0966430852522375,5,344.3999276760499,1.1230838585370658e-29,8.796783106200118e-15
8,co,3,8,2,Salmonella enterica,S0c0,6.479653686956921e-18,64.8801889402922,64.8801889402922,1.0,5,344.3999276760499,1.1230838585370658e-29,8.796783106200118e-15
8,co,3,8,2,Salmonella enterica,S1c2,8.290161994474052e-13,473.95343397319897,473.9534339731998,1.3861736258979116,5,344.3999276760499,1.1230838585370658e-29,8.796783106200118e-15
8,co,3,9,1,Escherichia coli,E0c0,3.672929035591311e-05,3.671666416912796e-05,7.344595452504107e-05,1.0,5,503.71910473909037,768.4890377630911,1.1718422224460736
8,co,3,9,1,Escherichia coli,E1c0,1.6337495669657025,0.8196226623648791,2.4533722293305815,1.5002901516348708,5,503.71910473909037,768.4890377630911,1.1718422224460736
8,co,3,9,1,Escherichia coli,E2c4,52.45115047106355,15.074480709853013,67.52563118091656,2.2463828178911234,5,503.71910473909037,768.4890377630911,1.1718422224460736
8,co,3,9,1,Escherichia coli,E3c4,0.1555062300327251,0.04888472146558364,0.20439095149830874,2.0966430852522375,5,503.71910473909037,768.4890377630911,1.1718422224460736
8,co,3,9,1,Salmonella enterica,S0c0,0.2185796175799972,2.7721988392550494,2.9907784568350464,1.0,5,503.71910473909037,768.4890377630911,1.1718422224460736
8,co,3,9,1,Salmonella enterica,S1c2,6.429585854592937,27.342237782064917,33.77182363665786,1.3861736258979116,5,503.71910473909037,768.4890377630911,1.1718422224460736
8,co,3,9,2,Escherichia coli,E0c0,8.052213890172042e-23,0.0017279142227650058,0.0017279142227650058,1.0,5,344.3999276760129,6.279142177644874e-27,6.64296435190561e-12
8,co,3,9,2,Escherichia coli,E1c0,1.2924005673535262e-12,47.16217402693922,47.16217402694051,1.5002901516348708,5,344.3999276760129,6.279142177644874e-27,6.64296435190561e-12
8,co,3,9,2,Escherichia coli,E2c4,4.0156915097874694e-07,1019.7945880237583,1019.7945884253274,2.2463828178911234,5,344.3999276760129,6.279142177644874e-27,6.64296435190561e-12
8,co,3,9,2,Escherichia coli,E3c4,3.149107291809954e-10,3.2247533054025324,3.224753305717443,2.0966430852522375,5,344.3999276760129,6.279142177644874e-27,6.64296435190561e-12
8,co,3,9,2,Salmonella enterica,S0c0,4.7919516433046675e-19,45.937972308365495,45.937972308365495,1.0,5,344.3999276760129,6.279142177644874e-27,6.64296435190561e-12
8,co,3,9,2,Salmonella enterica,S1c2,5.418787019031712e-13,494.8245160606427,494.82451606064325,1.3861736258979116,5,344.3999276760129,6.279142177644874e-27,6.64296435190561e-12
8,co,3,9,2,Salmonella enterica,S2c9,1.0,0.0,1.0,2.1683168168044715,5,344.3999276760129,6.279142177644874e-27,6.64296435190561e-12
8,co,4,0,0,Escherichia coli,E0c0,5.0,0.0,5.0,1.0,5,1.0,1000.0,0.0
8,co,4,0,0,Salmonella enterica,S0c0,5.0,0.0,5.0,1.0,5,1.0,1000.0,0.0
8,co,4,0,1,Escherichia coli,E0c0,0.033689731871209064,0.07413862500794409,0.10782835687915315,1.0,5,2.6532457880357097,997.5538892285242,0.03739997510976706
8,co,4,0,1,Salmonella enterica,S0c0,0.033689731871209064,2.533163513879147,2.566853245750356,1.0,5,2.6532457880357097,997.5538892285242,0.03739997510976706
8,co,4,0,2,Escherichia coli,E0c0,7.427828567349915e-12,1000.1076183344322,1000.1076183344396,1.0,5,344.3999276760101,-1.2404429722158573e-35,-1.0230417339917878e-26
8,co,4,0,2,Salmonella enterica,S0c0,7.427828567349915e-12,507.56674665688877,507.5667466568962,1.0,5,344.3999276760101,-1.2404429722158573e-35,-1.0230417339917878e-26
8,co,4,1,1,Escherichia coli,E0c0,3.3693360434912525,3.368228393406639,6.737564436897891,1.0,5,509.6198892996055,753.3418576438016,6.963439562821245
8,co,4,1,1,Salmonella enterica,S0c0,1.709978908906571,9.912130368383982,11.622109277290553,1.0,5,509.6198892996055,753.3418576438016,6.963439562821245
8,co,4,1,2,Escherichia coli,E0c0,8.947778571119259e-10,1005.7373530379845,1005.7373530388793,1.0,5,344.3999276760009,-3.894058081738702e-43,2.8845052750516735e-31
8,co,4,1,2,Escherichia coli,E1c1,4.54110612055451e-10,516.6220007947462,516.6220007952003,1.7028354035577082,5,344.3999276760009,-3.894058081738702e-43,2.8845052750516735e-31
8,co,4,1,2,Salmonella enterica,S0c0,1.0,0.0,1.0,1.0,5,344.3999276760009,-3.894058081738702e-43,2.8845052750516735e-31
8,co,4,2,1,Escherichia coli,E0c0,3.388302476446815,3.396535348228396,6.784837824675211,1.0,5,309.0261714280167,632.5214940738147,370.6736497359189
8,co,4,2,1,Escherichia coli,E1c1,13.706705839216394,5.731156951291553,19.437862790507946,1.7028354035577082,5,309.0261714280167,632.5214940738147,370.6736497359189
8,co,4,2,1,Salmonella enterica,S0c0,0.00336897348617799,0.01701501696818505,0.02038399045436304,1.0,5,309.0261714280167,632.5214940738147,370.6736497359189
8,co,4,2,2,Escherichia coli,E0c0,3.5056332983410763e-15,287.96826112227046,287.96826112227046,1.0,5,344.39992767600427,3.076353026236756e-29,2.1020029702051452e-19
8,co,4,2,2,Escherichia coli,E1c1,2.8521851831265184e-10,738.2542241195257,738.2542241198109,1.7028354035577082,5,344.39992767600427,3.076353026236756e-29,2.1020029702051452e-19
8,co,4,2,2,Salmonella enterica,S0c0,3.485634995381769e-18,505.02027793620124,505.02027793620124,1.0,5,344.39992767600427,3.076353026236756e-29,2.1020029702051452e-19
8,co,4,3,1,Escherichia coli,E0c0,0.9701574425645436,0.9698138329114316,1.9399712754759753,1.0,5,507.8442947784845,758.2942583824084,4.872841220642905
8,co,4,3,1,Escherichia coli,E1c1,19.58691939280779,8.172909580909167,27.759828973716957,1.7028354035577082,5,507.8442947784845,758.2942583824084,4.872841220642905
8,co,4,3,1,Salmonella enterica,S0c0,1.7013999368416117,11.558801409424428,13.26020134626604,1.0,5,507.8442947784845,758.2942583824084,4.872841220642905
8,co,4,3,2,Escherichia coli,E0c0,0.0,85.78862146429806,85.78862146429806,1.0,5,344.39992767601075,-1.2669050192638813e-26,-6.504660338958133e-13
8,co,4,3,2,Escherichia coli,E1c1,2.697064919706489e-09,943.9109627168809,943.910962719578,1.7028354035577082,5,344.39992767601075,-1.2669050192638813e-26,-6.504660338958133e-13
8,co,4,3,2,Salmonella enterica,S0c0,0.0,518.2600925201464,518.2600925201464,1.0,5,344.39992767601075,-1.2669050192638813e-26,-6.504660338958133e-13
8,co,4,4,1,Escherichia coli,E0c0,0.28901960316873976,0.2889127470240623,0.577932350192802,1.0,5,508.6732338999209,760.6104601005582,1.7676839601644416
8,co,4,4,1,Escherichia coli,E1c1,25.043280981291037,10.449540108439187,35.49282108973023,1.7028354035577082,5,508.6732338999209,760.6104601005582,1.7676839601644416
8,co,4,4,1,Salmonella enterica,S0c0,1.7460045833782618,17.368310397091808,19.11431498047007,1.0,5,508.6732338999209,760.6104601005582,1.7676839601644416
8,co,4,4,2,Escherichia coli,E0c0,7.469152787848443e-17,21.588210264523997,21.588210264523997,1.0,5,344.39992767600904,4.4096081239337156e-30,-1.8668823028273192e-16
8,co,4,4,2,Escherichia coli,E1c1,3.053377342413357e-09,1013.4823258121786,1013.482325815232,1.7028354035577082,5,344.39992767600904,4.4096081239337156e-30,-1.8668823028273192e-16
8,co,4,4,2,Escherichia coli,E2c4,4.512211233207127e-16,524.1142049252056,524.1142049252056,2.309872614915479,5,344.39992767600904,4.4096081239337156e-30,-1.8668823028273192e-16
8,co,4,4,2,Salmonella enterica,S0c0,1.0,0.0,1.0,1.0,5,344.39992767600904,4.4096081239337156e-30,-1.8668823028273192e-16
8,co,4,5,1,Escherichia coli,E0c0,0.0727301065502697,0.07289453299669349,0.1456246395469632,1.0,5,310.6301799471228,648.5618637993174,354.4729127919455
8,co,4,5,1,Escherichia coli,E1c1,26.88910670690027,11.241810176123636,38.13091688302391,1.7028354035577082,5,310.6301799471228,648.5618637993174,354.4729127919455
8,co,4,5,1,Escherichia coli,E2c4,30.082418424159073,8.357175482888803,38.43959390704788,2.309872614915479,5,310.6301799471228,648.5618637993174,354.4729127919455
8,co,4,5,1,Salmonella enterica,S0c0,0.003368973419245757,0.017051495820007808,0.020420469239253565,1.0,5,310.6301799471228,648.5618637993174,354.4729127919455
8,co,4,5,2,Escherichia coli,E0c0,0.0,2.2285720121699852,2.2285720121699852,1.0,5,344.39992767603735,3.017350194420159e-31,1.4129449526773063e-18
8,co,4,5,2,Escherichia coli,E1c1,5.886841016184859e-10,545.2065976493548,545.2065976499434,1.7028354035577082,5,344.39992767603735,3.017350194420159e-31,1.4129449526773063e-18
8,co,4,5,2,Escherichia coli,E2c4,3.872121868208589e-07,529.2807398466664,529.2807402338785,2.309872614915479,5,344.39992767603735,3.017350194420159e-31,1.4129449526773063e-18
8,co,4,5,2,Salmonella enterica,S0c0,0.0,505.02031441501157,505.02031441501157,1.0,5,344.39992767603735,3.017350194420159e-31,1.4129449526773063e-18
8,co,4,6,1,Escherichia coli,E0c0,0.00750800002303231,0.0075053802966228616,0.015013380319655172,1.0,5,505.7760350183362,760.4807185587291,5.596446926936273
8,co,4,6,1,Escherichia coli,E1c1,14.465095268389348,6.035784988618521,20.500880257007868,1.7028354035577082,5,505.7760350183362,760.4807185587291,5.596446926936273
8,co,4,6,1,Escherichia coli,E2c4,30.378960433641943,8.42457944447112,38.803539878113064,2.309872614915479,5,505.7760350183362,760.4807185587291,5.596446926936273
8,co,4,6,1,Salmonella enterica,S0c0,1.7014000496971524,14.490750020349985,16.192150070047138,1.0,5,505.7760350183362,760.4807185587291,5.596446926936273
8,co,4,6,2,Escherichia coli,E0c0,1.5595620300471605e-19,0.39342235918462837,0.39342235918462837,1.0,5,344.399927676129,1.3069744690522967e-26,-2.46136945837927e-14
8,co,4,6,2,Escherichia coli,E1c1,3.0704503306759194e-10,411.43956496183114,411.4395649621382,1.7028354035577082,5,344.399927676129,1.3069744690522967e-26,-2.46136945837927e-14
8,co,4,6,2,Escherichia coli,E2c4,3.900136228929204e-07,647.4862238211001,647.4862242111137,2.309872614915479,5,344.399927676129,1.3069744690522967e-26,-2.46136945837927e-14
8,co,4,6,2,Salmonella enterica,S0c0,3.5341487840528254e-17,521.1920406282935,521.1920406282935,1.0,5,344.399927676129,1.3069744690522967e-26,-2.46136945837927e-14
8,co,4,7,1,Escherichia coli,E0c0,0.0013254294587335621,0.0013249633422200897,0.002650392800953652,1.0,5,504.7265235860238,766.64177231711,1.5091887953839105
8,co,4,7,1,Escherichia coli,E1c1,10.916068357278261,4.55488376494562,15.470952122223881,1.7028354035577082,5,504.7265235860238,766.64177231711,1.5091887953839105
8,co,4,7,1,Escherichia coli,E2c4,37.16356345486666,10.306026158438367,47.46958961330503,2.309872614915479,5,504.7265235860238,766.64177231711,1.5091887953839105
8,co,4,7,1,Salmonella enterica,S0c0,1.7558821154392352,24.657537063673285,26.41341917911252,1.0,5,504.7265235860238,766.64177231711,1.5091887953839105
8,co,4,7,2,Escherichia coli,E0c0,5.257203559606876e-20,0.06741273963085165,0.06741273963085165,1.0,5,344.3999276760199,2.2828698543507305e-26,-3.4020021042622085e-11
8,co,4,7,2,Escherichia coli,E1c1,2.416245245344486e-10,299.8164736630434,299.816473663285,1.7028354035577082,5,344.3999276760199,2.2828698543507305e-26,-3.4020021042622085e-11
8,co,4,7,2,Escherichia coli,E2c4,4.778305476322534e-07,763.0590825516983,763.0590830295289,2.309872614915479,5,344.3999276760199,2.2828698543507305e-26,-3.4020021042622085e-11
8,co,4,7,2,Salmonella enterica,S0c0,6.96455752218965e-17,531.4133075911029,531.4133075911029,1.0,5,344.3999276760199,2.2828698543507305e-26,-3.4020021042622085e-11
8,co,4,8,1,Escherichia coli,E0c0,0.00022711173232464933,0.00022703229753491132,0.00045414402985956065,1.0,5,504.24107594430245,767.8726505001887,1.0461754970045702
8,co,4,8,1,Escherichia coli,E1c1,7.954551289554521,3.319152331436614,11.273703620991135,1.7028354035577082,5,504.24107594430245,767.8726505001887,1.0461754970045702
8,co,4,8,1,Escherichia coli,E2c4,43.797062531537925,12.145607242633863,55.94266977417179,2.309872614915479,5,504.24107594430245,767.8726505001887,1.0461754970045702
8,co,4,8,1,Salmonella enterica,S0c0,1.7903173425124068,30.513908882183035,32.30422622469544,1.0,5,504.24107594430245,767.8726505001887,1.0461754970045702
8,co,4,8,2,Escherichia coli,E0c0,7.128994526453142e-22,0.011051153629124674,0.011051153629124674,1.0,5,344.399927676024,-3.410758274896777e-39,2.802217760544906e-24
8,co,4,8,2,Escherichia coli,E1c1,1.6418909741653408e-10,208.69118765694068,208.69118765710488,1.7028354035577082,5,344.399927676024,-3.410758274896777e-39,2.802217760544906e-24
8,co,4,8,2,Escherichia coli,E2c4,5.599973093464297e-07,858.5143646265064,858.5143651865037,2.309872614915479,5,344.399927676024,-3.410758274896777e-39,2.802217760544906e-24
8,co,4,8,2,Salmonella enterica,S0c0,5.619772437689517e-18,537.3041133997788,537.3041133997788,1.0,5,344.399927676024,-3.410758274896777e-39,2.802217760544906e-24
8,co,4,9,1,Escherichia coli,E0c0,3.723104245289882e-05,3.721810006403227e-05,7.44491425169311e-05,1.0,5,503.85966287066015,768.589902509367,0.9026974736195791
8,co,4,9,1,Escherichia coli,E1c1,5.53686971943605,2.310342408456093,7.847212127892142,1.7028354035577082,5,503.85966287066015,768.589902509367,0.9026974736195791
8,co,4,9,1,Escherichia coli,E2c4,49.275879376493066,13.664982953461742,62.94086232995481,2.309872614915479,5,503.85966287066015,768.589902509367,0.9026974736195791
8,co,4,9,1,Salmonella enterica,S0c0,1.810163257832551,34.02041231804525,35.8305755758778,1.0,5,503.85966287066015,768.589902509367,0.9026974736195791
8,co,4,9,2,Escherichia coli,E0c0,3.043211774262314e-22,0.0017473627392442233,0.0017473627392442233,1.0,5,344.399927675965,8.129216346779071e-27,7.207291875465704e-12
8,co,4,9,2,Escherichia coli,E1c1,1.1732160341988674e-10,140.00441792931386,140.00441792943118,1.7028354035577082,5,344.399927675965,8.129216346779071e-27,7.207291875465704e-12
8,co,4,9,2,Escherichia coli,E2c4,6.312804539660014e-07,930.781758734298,930.7817593655785,2.309872614915479,5,344.399927675965,8.129216346779071e-27,7.207291875465704e-12
8,co,4,9,2,Salmonella enterica,S0c0,1.4796013696071254e-17,540.8304620104875,540.8304620104875,1.0,5,344.399927675965,8.129216346779071e-27,7.207291875465704e-12
