##culture:co#seed:339#rep:10#mu:(0.01, 0.01)#cycles:10#init_R:(15, 5, 0)#init_n:(5, 5)#init_lag:(1, 1)#Ta:5#alpha:(3, 3)#mut_func:null#max_lag_change:(1.1, 1.1)
culture,rep,cycle,phase_end,species,genotype,ngrow,nlag,lag,M,L,A
co,0,0,0,Escherichia coli,E0c0,0.0,5.0,1.0,15.0,5.0,0.0
co,0,0,0,Salmonella enterica,S0c0,0.0,5.0,1.0,15.0,5.0,0.0
co,0,0,1,Escherichia coli,E0c0,0.07474264938573819,0.03368973343341914,1.0,16.656138174785994,2.554216116493802,0.033425024762289125
co,0,0,1,Salmonella enterica,S0c0,2.5294935950691615,0.03368973343341914,1.0,16.656138174785994,2.554216116493802,0.033425024762289125
co,0,0,2,Escherichia coli,E0c0,5.108431310259954,-4.29908926699253e-11,1.0,18.438996127810558,-1.4593776895119997e-15,-4.383016764235958e-14
co,0,0,2,Salmonella enterica,S0c0,4.088182260195695,-4.29908926699253e-11,1.0,18.438996127810558,-1.4593776895119997e-15,-4.383016764235958e-14
co,0,0,2,Salmonella enterica,S1c0,1.0,0.0,1.6760281092768152,18.438996127810558,-1.4593776895119997e-15,-4.383016764235958e-14
co,0,1,1,Escherichia coli,E0c0,0.03035796820494476,0.017210168623610016,1.0,25.03750740810158,3.746676141445218,0.05644373622460077
co,0,1,1,Salmonella enterica,S0c0,1.0280806747028046,0.013772976827653763,1.0,25.03750740810158,3.746676141445218,0.05644373622460077
co,0,1,1,Salmonella enterica,S1c0,0.2675100179120277,0.025314176495406307,1.6760281092768152,25.03750740810158,3.746676141445218,0.05644373622460077
co,0,1,2,Escherichia coli,E0c0,5.047567076925427,-7.907085315002732e-15,1.0,18.4389961278104,6.177955771971311e-16,3.4805023924364596e-14
co,0,1,2,Salmonella enterica,S0c0,3.015714653573764,-6.327892972340448e-15,1.0,18.4389961278104,6.177955771971311e-16,3.4805023924364596e-14
co,0,1,2,Salmonella enterica,S1c0,0.8439623821994937,-8.663235754351192e-11,1.6760281092768152,18.4389961278104,6.177955771971311e-16,3.4805023924364596e-14
co,0,2,1,Escherichia coli,E0c0,0.029955204198960632,0.01700511900134298,1.0,24.960540482171005,3.7615882926491446,0.14196982383034026
co,0,2,1,Salmonella enterica,S0c0,0.6048799429633969,0.010159862321107164,1.0,24.960540482171005,3.7615882926491446,0.14196982383034026
co,0,2,1,Salmonella enterica,S1c0,0.1846085881075736,0.02136421270694293,1.6760281092768152,24.960540482171005,3.7615882926491446,0.14196982383034026
co,0,2,2,Escherichia coli,E0c0,5.046959263423803,-8.803795417198816e-15,1.0,18.438996127828137,-2.0301426457283167e-14,-2.2693595370888938e-11
co,0,2,2,Salmonella enterica,S0c0,2.510333457244899,-5.259907095093398e-15,1.0,18.438996127828137,-2.0301426457283167e-14,-2.2693595370888938e-11
co,0,2,2,Salmonella enterica,S1c0,0.8356784461483459,2.843991119246522e-10,1.6760281092768152,18.438996127828137,-2.0301426457283167e-14,-2.2693595370888938e-11
co,0,3,1,Escherichia coli,E0c0,0.029956914681498255,0.017003071601221102,1.0,24.90432915492461,3.761740077562707,0.2139017848339923
co,0,3,1,Salmonella enterica,S0c0,0.4434207331819997,0.008457246688280169,1.0,24.90432915492461,3.761740077562707,0.2139017848339923
co,0,3,1,Salmonella enterica,S1c0,0.16323281742777734,0.021154511707115565,1.6760281092768152,24.90432915492461,3.761740077562707,0.2139017848339923
co,0,3,2,Escherichia coli,E0c0,5.046958926506304,-1.0224461141661536e-14,1.0,18.43899612781056,-4.987802055653618e-16,-3.4362363273611087e-14
co,0,3,2,Salmonella enterica,S0c0,2.2497092390849045,-5.085598251894551e-15,1.0,18.43899612781056,-4.987802055653618e-16,-3.4362363273611087e-14
co,0,3,2,Salmonella enterica,S1c0,0.9115554063327795,-5.855372305813647e-11,1.6760281092768152,18.43899612781056,-4.987802055653618e-16,-3.4362363273611087e-14
co,0,4,1,Escherichia coli,E0c0,0.029959526135821264,0.017003070484011912,1.0,24.87777602476026,3.76174146696064,0.24794303423979974
co,0,4,1,Salmonella enterica,S0c0,0.3772564259941696,0.007579210633119399,1.0,24.87777602476026,3.76174146696064,0.24794303423979974
co,0,4,1,Salmonella enterica,S1c0,0.1700234234056954,0.02307527446332327,1.6760281092768152,24.87777602476026,3.76174146696064,0.24794303423979974
co,0,4,2,Escherichia coli,E0c0,5.046961536842823,-6.214655737544619e-15,1.0,18.43899612781044,-7.811419974588191e-16,6.69839416493326e-15
co,0,4,2,Salmonella enterica,S0c0,2.071334211664568,-2.7702164030727443e-15,1.0,18.43899612781044,-7.811419974588191e-16,6.69839416493326e-15
co,0,4,2,Salmonella enterica,S1c0,1.0315994715260124,-7.914341938283702e-11,1.6760281092768152,18.43899612781044,-7.811419974588191e-16,6.69839416493326e-15
co,0,5,1,Escherichia coli,E0c0,0.029960609085171657,0.017003079309409547,1.0,24.867284527213418,3.7617413602638994,0.2613937662049265
co,0,5,1,Salmonella enterica,S0c0,0.34020493653027306,0.006978269919460808,1.0,24.867284527213418,3.7617413602638994,0.2613937662049265
co,0,5,1,Salmonella enterica,S1c0,0.1889221807670828,0.026114091120773456,1.6760281092768152,24.867284527213418,3.7617413602638994,0.2613937662049265
co,0,5,2,Escherichia coli,E0c0,5.046962628617344,-2.4153016760817083e-15,1.0,18.438996127810324,-4.837431663732186e-15,1.728771036552392e-13
co,0,5,2,Salmonella enterica,S0c0,1.9119862834457904,-9.912690952328216e-16,1.0,18.438996127810324,-4.837431663732186e-15,1.728771036552392e-13
co,0,5,2,Salmonella enterica,S1c0,1.1752325468435405,-1.4107445818452735e-11,1.6760281092768152,18.438996127810324,-4.837431663732186e-15,1.728771036552392e-13
co,0,6,1,Escherichia coli,E0c0,0.029961135914669437,0.01700308302242603,1.0,24.862675218788024,3.761741352591533,0.267303142746531
co,0,6,1,Salmonella enterica,S0c0,0.3107912645608365,0.006441430996701246,1.0,24.862675218788024,3.761741352591533,0.267303142746531
co,0,6,1,Salmonella enterica,S1c0,0.21328868137939103,0.029750044147096345,1.6760281092768152,24.862675218788024,3.761741352591533,0.267303142746531
co,0,6,2,Escherichia coli,E0c0,5.046963159159746,-2.9672181209898805e-15,1.0,18.43899612781046,3.339887305604881e-17,3.5241185870434712e-15
co,0,6,2,Salmonella enterica,S0c0,1.7527499704058558,-1.1240979467995213e-15,1.0,18.43899612781046,3.339887305604881e-17,3.5241185870434712e-15
co,0,6,2,Salmonella enterica,S1c0,1.3325208031072022,-5.4440335047421606e-11,1.6760281092768152,18.43899612781046,3.339887305604881e-17,3.5241185870434712e-15
co,0,7,1,Escherichia coli,E0c0,0.029961491117697713,0.017003084845837815,1.0,24.859935323335456,3.7617413984691535,0.270815788769551
co,0,7,1,Salmonella enterica,S0c0,0.2828470821583435,0.00590496810072062,1.0,24.859935323335456,3.7617413984691535,0.270815788769551
co,0,7,1,Salmonella enterica,S1c0,0.2403263681986409,0.03373166683214411,1.6760281092768152,24.859935323335456,3.7617413984691535,0.270815788769551
co,0,7,2,Escherichia coli,E0c0,5.046963516186401,-2.967691143748299e-13,1.0,18.438996127808927,-2.419134571423538e-15,1.950956878951025e-12
co,0,7,2,Salmonella enterica,S0c0,1.5901811996958093,-1.0306436257827785e-13,1.0,18.438996127808927,-2.419134571423538e-15,1.950956878951025e-12
co,0,7,2,Salmonella enterica,S1c0,1.4976282378256698,-3.603483863314045e-10,1.6760281092768152,18.438996127808927,-2.419134571423538e-15,1.950956878951025e-12
co,0,8,1,Escherichia coli,E0c0,0.029961798027958605,0.017003086086602615,1.0,24.85775313271969,3.761741463288082,0.2736134118891644
co,0,8,1,Salmonella enterica,S0c0,0.2549783142648589,0.005357278241661467,1.0,24.85775313271969,3.761741463288082,0.2736134118891644
co,0,8,1,Salmonella enterica,S1c0,0.26863028786694,0.03791122557471673,1.6760281092768152,24.85775313271969,3.761741463288082,0.2736134118891644
co,0,8,2,Escherichia coli,E0c0,5.046963824337091,-1.7445693390048586e-14,1.0,18.43899612781044,-5.814402188255871e-15,-5.911267377438728e-16
co,0,8,2,Salmonella enterica,S0c0,1.4258941926554753,-5.496733238246739e-15,1.0,18.43899612781044,-5.814402188255871e-15,-5.911267377438728e-16
co,0,8,2,Salmonella enterica,S1c0,1.6659822643692597,-2.618228502927552e-11,1.6760281092768152,18.43899612781044,-5.814402188255871e-15,-5.911267377438728e-16
co,0,9,1,Escherichia coli,E0c0,0.02996209101189182,0.017003087163460877,1.0,24.85574483102772,3.7617415332807367,0.2761880959289254
co,0,9,1,Salmonella enterica,S0c0,0.22723953181571324,0.004803799687781237,1.0,24.85574483102772,3.7617415332807367,0.2761880959289254
co,0,9,1,Salmonella enterica,S1c0,0.29726907017506715,0.04217296913260817,1.6760281092768152,24.85574483102772,3.7617415332807367,0.2761880959289254
co,0,9,2,Escherichia coli,E0c0,5.046964118397955,-1.6640665993336265e-13,1.0,18.438996127802014,1.2370175832741958e-15,1.0769570864273279e-11
co,0,9,2,Salmonella enterica,S0c0,1.2631057797246448,-4.7014066369212595e-14,1.0,18.438996127802014,1.2370175832741958e-15,1.0769570864273279e-11
co,0,9,2,Salmonella enterica,S1c0,1.8333789415433266,-3.4656434348746976e-10,1.6760281092768152,18.438996127802014,1.2370175832741958e-15,1.0769570864273279e-11
co,1,0,0,Escherichia coli,E0c0,0.0,5.0,1.0,15.0,5.0,0.0
co,1,0,0,Salmonella enterica,S0c0,0.0,5.0,1.0,15.0,5.0,0.0
co,1,0,1,Escherichia coli,E0c0,0.07474264938573819,0.03368973343341914,1.0,16.656138174785994,2.554216116493802,0.033425024762289125
co,1,0,1,Salmonella enterica,S0c0,2.5294935950691615,0.03368973343341914,1.0,16.656138174785994,2.554216116493802,0.033425024762289125
co,1,0,2,Escherichia coli,E0c0,5.108431310259954,-4.29908926699253e-11,1.0,18.438996127810558,-1.4593776895119997e-15,-4.383016764235958e-14
co,1,0,2,Salmonella enterica,S0c0,5.088182260195695,-4.29908926699253e-11,1.0,18.438996127810558,-1.4593776895119997e-15,-4.383016764235958e-14
co,1,1,1,Escherichia coli,E0c0,0.030357223972603608,0.01721016849669365,1.0,25.040269827206107,3.74667576926559,0.05290250145619137
co,1,1,1,Salmonella enterica,S0c0,1.3139942837848386,0.017141949988439063,1.0,25.040269827206107,3.74667576926559,0.05290250145619137
co,1,1,2,Escherichia coli,E0c0,5.047566332564563,1.8113498239419722e-12,1.0,18.438996127810643,-2.3176778450982988e-20,-9.181027449115347e-16
co,1,1,2,Salmonella enterica,S0c0,3.8561354240687074,1.8041713871703297e-12,1.0,18.438996127810643,-2.3176778450982988e-20,-9.181027449115347e-16
co,1,2,1,Escherichia coli,E0c0,0.029954071203271163,0.017005116788845,1.0,24.967420744340366,3.7615879111348125,0.13314931131279323
co,1,2,1,Salmonella enterica,S0c0,0.7974296834865215,0.01299121773137373,1.0,24.967420744340366,3.7615879111348125,0.13314931131279323
co,1,2,2,Escherichia coli,E0c0,5.046958128217901,-2.0209179554091564e-12,1.0,18.43899612781073,-2.431368015857887e-20,-1.7208284786757843e-13
co,1,2,2,Salmonella enterica,S0c0,3.3354202008461953,-1.5438994693842908e-12,1.0,18.43899612781073,-2.431368015857887e-20,-1.7208284786757843e-13
co,1,3,1,Escherichia coli,E0c0,0.029955570685420378,0.017003067626908792,1.0,24.913478455749022,3.7617396873794906,0.20217225604388422
co,1,3,1,Salmonella enterica,S0c0,0.6080025916630363,0.011236941896161002,1.0,24.913478455749022,3.7617396873794906,0.20217225604388422
co,1,3,2,Escherichia coli,E0c0,5.0469575785394145,-3.1897056785724635e-12,1.0,18.43899612781077,2.793750769997823e-20,-8.338157547405894e-14
co,1,3,2,Salmonella enterica,S0c0,3.144238873327347,-2.1080042586591346e-12,1.0,18.43899612781077,2.793750769997823e-20,-8.338157547405894e-14
co,1,4,1,Escherichia coli,E0c0,0.029958008574766458,0.017003065893365487,1.0,24.888282482097125,3.7617410428773073,0.23447359109586435
co,1,4,1,Salmonella enterica,S0c0,0.545358718654175,0.010592857165075631,1.0,24.888282482097125,3.7617410428773073,0.23447359109586435
co,1,4,2,Escherichia coli,E0c0,5.04696001469346,-1.949338383143501e-12,1.0,18.438996127810746,-5.033820611041637e-21,-7.811970897668576e-14
co,1,4,2,Salmonella enterica,S0c0,3.080950928873755,-1.214431691515925e-12,1.0,18.438996127810746,-5.033820611041637e-21,-7.811970897668576e-14
co,1,5,1,Escherichia coli,E0c0,0.029958880835547742,0.01700307412044664,1.0,24.87925940319101,3.7617408740824327,0.2460417898179344
co,1,5,1,Salmonella enterica,S0c0,0.5254959906911204,0.010379641774966732,1.0,24.87925940319101,3.7617408740824327,0.2460417898179344
co,1,5,2,Escherichia coli,E0c0,5.046960895180929,-1.7415133270039739e-12,1.0,18.43899612781074,-1.3872564117563322e-19,-5.632277932778983e-14
co,1,5,2,Salmonella enterica,S0c0,3.060874989735306,-1.0631179819441397e-12,1.0,18.43899612781074,-1.3872564117563322e-19,-5.632277932778983e-14
co,1,6,1,Escherichia coli,E0c0,0.02995916325155608,0.01700307709185311,1.0,24.876325313566674,3.761740796654218,0.24980351145827817
co,1,6,1,Salmonella enterica,S0c0,0.5192873000630945,0.010312006472784185,1.0,24.876325313566674,3.761740796654218,0.24980351145827817
co,1,6,2,Escherichia coli,E0c0,5.046961180567992,-1.4478672210739096e-12,1.0,18.43899612781078,-8.9734580290395e-20,-8.970621882393917e-14
co,1,6,2,Salmonella enterica,S0c0,3.0545986651226267,-8.781004165612732e-13,1.0,18.43899612781078,-8.9734580290395e-20,-8.970621882393917e-14
co,1,7,1,Escherichia coli,E0c0,0.029959252106287918,0.01700307805478439,1.0,24.875400911723467,3.7617407702162144,0.2509886653394055
co,1,7,1,Salmonella enterica,S0c0,0.5173554097683603,0.010290861702898009,1.0,24.875400911723467,3.7617407702162144,0.2509886653394055
co,1,7,2,Escherichia coli,E0c0,5.046961270385249,-1.0554668540091135e-12,1.0,18.438996127810835,4.700672289659049e-19,-1.292255745702052e-13
co,1,7,2,Salmonella enterica,S0c0,3.0526456304678184,-6.388056924493612e-13,1.0,18.438996127810835,4.700672289659049e-19,-1.292255745702052e-13
co,1,8,1,Escherichia coli,E0c0,0.029959279810604863,0.017003078357813478,1.0,24.875112568636847,3.761740761765477,0.25135834341510194
co,1,8,1,Salmonella enterica,S0c0,0.5167551417226808,0.010284281981327586,1.0,24.875112568636847,3.761740761765477,0.25135834341510194
co,1,8,2,Escherichia coli,E0c0,4.046961298392497,-9.606594606895312e-13,1.0,18.438996127810817,4.7205050903146115e-19,-1.3751224888224311e-13
co,1,8,2,Escherichia coli,E1c8,1.0,0.0,1.909968300515497,18.438996127810817,4.7205050903146115e-19,-1.3751224888224311e-13
co,1,8,2,Salmonella enterica,S0c0,3.0520387828279163,-5.810533406792817e-13,1.0,18.438996127810817,4.7205050903146115e-19,-1.3751224888224311e-13
co,1,9,1,Escherichia coli,E0c0,0.02392284113409639,0.013634104745127286,1.0,24.861415252281784,3.7847409016190654,0.24863760003528879
co,1,9,1,Escherichia coli,E1c8,0.018925728431980787,0.03647997951144658,1.909968300515497,24.861415252281784,3.7847409016190654,0.24863760003528879
co,1,9,1,Salmonella enterica,S0c0,0.5369631604532679,0.010282237309212065,1.0,24.861415252281784,3.7847409016190654,0.24863760003528879
co,1,9,2,Escherichia coli,E0c0,2.4675329169197373,4.893580412937152e-17,1.0,18.43899612781041,-1.403008696090203e-15,6.4686379885871514e-15
co,1,9,2,Escherichia coli,E1c8,2.6254286679524386,-1.5500827215733058e-10,1.909968300515497,18.43899612781041,-1.403008696090203e-15,6.4686379885871514e-15
co,1,9,2,Salmonella enterica,S0c0,3.072244752642423,3.6905213280220787e-17,1.0,18.43899612781041,-1.403008696090203e-15,6.4686379885871514e-15
co,2,0,0,Escherichia coli,E0c0,0.0,5.0,1.0,15.0,5.0,0.0
co,2,0,0,Salmonella enterica,S0c0,0.0,5.0,1.0,15.0,5.0,0.0
co,2,0,1,Escherichia coli,E0c0,0.07474264938573819,0.03368973343341914,1.0,16.656138174785994,2.554216116493802,0.033425024762289125
co,2,0,1,Salmonella enterica,S0c0,2.5294935950691615,0.03368973343341914,1.0,16.656138174785994,2.554216116493802,0.033425024762289125
co,2,0,2,Escherichia coli,E0c0,5.108431310259954,-4.29908926699253e-11,1.0,18.438996127810558,-1.4593776895119997e-15,-4.383016764235958e-14
co,2,0,2,Salmonella enterica,S0c0,5.088182260195695,-4.29908926699253e-11,1.0,18.438996127810558,-1.4593776895119997e-15,-4.383016764235958e-14
co,2,1,1,Escherichia coli,E0c0,0.030357223972603608,0.01721016849669365,1.0,25.040269827206107,3.74667576926559,0.05290250145619137
co,2,1,1,Salmonella enterica,S0c0,1.3139942837848386,0.017141949988439063,1.0,25.040269827206107,3.74667576926559,0.05290250145619137
co,2,1,2,Escherichia coli,E0c0,5.047566332564563,1.8113498239419722e-12,1.0,18.438996127810643,-2.3176778450982988e-20,-9.181027449115347e-16
co,2,1,2,Salmonella enterica,S0c0,3.8561354240687074,1.8041713871703297e-12,1.0,18.438996127810643,-2.3176778450982988e-20,-9.181027449115347e-16
co,2,2,1,Escherichia coli,E0c0,0.029954071203271163,0.017005116788845,1.0,24.967420744340366,3.7615879111348125,0.13314931131279323
co,2,2,1,Salmonella enterica,S0c0,0.7974296834865215,0.01299121773137373,1.0,24.967420744340366,3.7615879111348125,0.13314931131279323
co,2,2,2,Escherichia coli,E0c0,5.046958128217901,-2.0209179554091564e-12,1.0,18.43899612781073,-2.431368015857887e-20,-1.7208284786757843e-13
co,2,2,2,Salmonella enterica,S0c0,2.3354202008461953,-1.5438994693842908e-12,1.0,18.43899612781073,-2.431368015857887e-20,-1.7208284786757843e-13
co,2,2,2,Salmonella enterica,S1c2,1.0,0.0,1.8414550413864044,18.43899612781073,-2.431368015857887e-20,-1.7208284786757843e-13
co,2,3,1,Escherichia coli,E0c0,0.02995775743052802,0.017003067790850406,1.0,24.89739458473076,3.7617407808340193,0.22279163930059656
co,2,3,1,Salmonella enterica,S0c0,0.40496490444661465,0.007867968583508031,1.0,24.89739458473076,3.7617407808340193,0.22279163930059656
co,2,3,1,Salmonella enterica,S1c2,0.193932753965692,0.03309439602493684,1.8414550413864044,24.89739458473076,3.7617407808340193,0.22279163930059656
co,2,3,2,Escherichia coli,E0c0,5.046959765444747,-5.808331581543419e-16,1.0,18.43899612781046,5.110455996556609e-17,3.570917253563658e-15
co,2,3,2,Salmonella enterica,S0c0,2.0498472897781825,-2.68773676582526e-16,1.0,18.43899612781046,5.110455996556609e-17,3.570917253563658e-15
co,2,3,2,Salmonella enterica,S1c2,1.1150120688376866,1.284026433606536e-10,1.8414550413864044,18.43899612781046,5.110455996556609e-17,3.570917253563658e-15
co,2,4,1,Escherichia coli,E0c0,0.02996038312831453,0.017003073355017453,1.0,24.871079893038914,3.7617416871577856,0.25652762432918336
co,2,4,1,Salmonella enterica,S0c0,0.3376669804411353,0.006905881056020419,1.0,24.871079893038914,3.7617416871577856,0.25652762432918336
co,2,4,1,Salmonella enterica,S1c2,0.20684299182166987,0.03690065098455888,1.8414550413864044,24.871079893038914,3.7617416871577856,0.25652762432918336
co,2,4,2,Escherichia coli,E0c0,5.0469623967061334,-8.051463472815944e-17,1.0,18.438996127810423,-2.1892525642856091e-16,-5.358821448202392e-15
co,2,4,2,Salmonella enterica,S0c0,1.8321613034896618,-3.270141079652238e-17,1.0,18.438996127810423,-2.1892525642856091e-16,-5.358821448202392e-15
co,2,4,2,Salmonella enterica,S1c2,1.2811545473296064,6.201143924827156e-11,1.8414550413864044,18.438996127810423,-2.1892525642856091e-16,-5.358821448202392e-15
co,2,5,1,Escherichia coli,E0c0,0.02996156500774499,0.017003082291287507,1.0,24.859990035752393,3.7617416247502984,0.2707454451116994
co,2,5,1,Salmonella enterica,S0c0,0.2950754384407085,0.006172502778003395,1.0,24.859990035752393,3.7617416247502984,0.2707454451116994
co,2,5,1,Salmonella enterica,S1c2,0.23311553175733526,0.04239903596478332,1.8414550413864044,24.859990035752393,3.7617416247502984,0.2707454451116994
co,2,5,2,Escherichia coli,E0c0,5.046963587521589,-2.074443053445386e-15,1.0,18.438996127810352,1.927829567113581e-15,3.5203378541543017e-14
co,2,5,2,Salmonella enterica,S0c0,1.6291962753113656,-7.530696685819722e-16,1.0,18.438996127810352,1.927829567113581e-15,3.5203378541543017e-14
co,2,5,2,Salmonella enterica,S1c2,1.4725655831181026,-4.37471857069136e-10,1.8414550413864044,18.438996127810352,1.927829567113581e-15,3.5203378541543017e-14
co,2,6,1,Escherichia coli,E0c0,0.02996223490944986,0.017003086363777623,1.0,24.854379978403255,3.7617416640335395,0.2779377916887557
co,2,6,1,Salmonella enterica,S0c0,0.25896520210148366,0.005488719007435376,1.0,24.854379978403255,3.7617416640335395,0.2779377916887557
co,2,6,1,Salmonella enterica,S1c2,0.26499030953052005,0.04873366857315252,1.8414550413864044,24.854379978403255,3.7617416640335395,0.2779377916887557
co,2,6,2,Escherichia coli,E0c0,5.046964261495635,-1.6296051684701202e-15,1.0,18.438996127810316,2.248819372071309e-15,1.16514221973555e-13
co,2,6,2,Salmonella enterica,S0c0,1.4285375186466984,-5.260483109801516e-16,1.0,18.438996127810316,2.248819372071309e-15,1.16514221973555e-13
co,2,6,2,Salmonella enterica,S1c2,1.674639729474679,-9.998882334047285e-11,1.8414550413864044,18.438996127810316,2.248819372071309e-15,1.16514221973555e-13
co,2,7,1,Escherichia coli,E0c0,0.029962742813820543,0.01700308868776967,1.0,24.850545389365195,3.7617417506542195,0.28285385509948396
co,2,7,1,Salmonella enterica,S0c0,0.22476829997871578,0.004812704997470739,1.0,24.850545389365195,3.7617417506542195,0.28285385509948396
co,2,7,1,Salmonella enterica,S1c2,0.29879955008782133,0.05542119041359089,1.8414550413864044,24.850545389365195,3.7617417506542195,0.28285385509948396
co,2,7,2,Escherichia coli,E0c0,5.046964771723957,7.537031256030055e-16,1.0,18.438996127810377,-6.18626246954174e-14,6.649338144872609e-14
co,2,7,2,Salmonella enterica,S0c0,1.2314317536199284,2.133348178839471e-16,1.0,18.438996127810377,-6.18626246954174e-14,6.649338144872609e-14
co,2,7,2,Salmonella enterica,S1c2,1.8773693385950352,9.48677894792757e-10,1.8414550413864044,18.438996127810377,-6.18626246954174e-14,6.649338144872609e-14
co,2,8,1,Escherichia coli,E0c0,0.02996319297845994,0.017003090452053927,1.0,24.84733484981511,3.761741849061567,0.2869698446706265
co,2,8,1,Salmonella enterica,S0c0,0.19200112391332094,0.0041486609158912224,1.0,24.84733484981511,3.761741849061567,0.2869698446706265
co,2,8,1,Salmonella enterica,S1c2,0.3324495680718631,0.06213040442205264,1.8414550413864044,24.84733484981511,3.761741849061567,0.2869698446706265
co,2,8,2,Escherichia coli,E0c0,5.046965223652698,1.4551874715408888e-14,1.0,18.43899612781078,3.684570252686435e-15,-4.4175342459574665e-13
co,2,8,2,Salmonella enterica,S0c0,1.042894674057931,3.550577703866666e-15,1.0,18.43899612781078,3.684570252686435e-15,-4.4175342459574665e-13
co,2,8,2,Salmonella enterica,S1c2,2.0728344280270963,1.5279297719437993e-09,1.8414550413864044,18.43899612781078,3.684570252686435e-15,-4.4175342459574665e-13
co,2,9,1,Escherichia coli,E0c0,0.029963608171744996,0.017003091405081504,1.0,24.844454673759046,3.7617419441525697,0.29066229422510076
co,2,9,1,Salmonella enterica,S0c0,0.16124906741407247,0.003513484377854695,1.0,24.844454673759046,3.7617419441525697,0.29066229422510076
co,2,9,1,Salmonella enterica,S1c2,0.3645245531494988,0.06859920348849181,1.8414550413864044,24.844454673759046,3.7617419441525697,0.29066229422510076
co,2,9,2,Escherichia coli,E0c0,5.046965639798959,-4.561807767840461e-16,1.0,18.438996127810487,-1.5767899544304052e-16,5.311761055576588e-16
co,2,9,2,Salmonella enterica,S0c0,0.8681378950834777,-9.426427196241557e-17,1.0,18.438996127810487,-1.5767899544304052e-16,5.311761055576588e-16
co,2,9,2,Salmonella enterica,S1c2,2.254747758242791,-5.3219303144067556e-11,1.8414550413864044,18.438996127810487,-1.5767899544304052e-16,5.311761055576588e-16
co,3,0,0,Escherichia coli,E0c0,0.0,5.0,1.0,15.0,5.0,0.0
co,3,0,0,Salmonella enterica,S0c0,0.0,5.0,1.0,15.0,5.0,0.0
co,3,0,1,Escherichia coli,E0c0,0.07474264938573819,0.03368973343341914,1.0,16.656138174785994,2.554216116493802,0.033425024762289125
co,3,0,1,Salmonella enterica,S0c0,2.5294935950691615,0.03368973343341914,1.0,16.656138174785994,2.554216116493802,0.033425024762289125
co,3,0,2,Escherichia coli,E0c0,5.108431310259954,-4.29908926699253e-11,1.0,18.438996127810558,-1.4593776895119997e-15,-4.383016764235958e-14
co,3,0,2,Salmonella enterica,S0c0,5.088182260195695,-4.29908926699253e-11,1.0,18.438996127810558,-1.4593776895119997e-15,-4.383016764235958e-14
co,3,1,1,Escherichia coli,E0c0,0.030357223972603608,0.01721016849669365,1.0,25.040269827206107,3.74667576926559,0.05290250145619137
co,3,1,1,Salmonella enterica,S0c0,1.3139942837848386,0.017141949988439063,1.0,25.040269827206107,3.74667576926559,0.05290250145619137
co,3,1,2,Escherichia coli,E0c0,5.047566332564563,1.8113498239419722e-12,1.0,18.438996127810643,-2.3176778450982988e-20,-9.181027449115347e-16
co,3,1,2,Salmonella enterica,S0c0,3.8561354240687074,1.8041713871703297e-12,1.0,18.438996127810643,-2.3176778450982988e-20,-9.181027449115347e-16
co,3,2,1,Escherichia coli,E0c0,0.029954071203271163,0.017005116788845,1.0,24.967420744340366,3.7615879111348125,0.13314931131279323
co,3,2,1,Salmonella enterica,S0c0,0.7974296834865215,0.01299121773137373,1.0,24.967420744340366,3.7615879111348125,0.13314931131279323
co,3,2,2,Escherichia coli,E0c0,5.046958128217901,-2.0209179554091564e-12,1.0,18.43899612781073,-2.431368015857887e-20,-1.7208284786757843e-13
co,3,2,2,Salmonella enterica,S0c0,3.3354202008461953,-1.5438994693842908e-12,1.0,18.43899612781073,-2.431368015857887e-20,-1.7208284786757843e-13
co,3,3,1,Escherichia coli,E0c0,0.029955570685420378,0.017003067626908792,1.0,24.913478455749022,3.7617396873794906,0.20217225604388422
co,3,3,1,Salmonella enterica,S0c0,0.6080025916630363,0.011236941896161002,1.0,24.913478455749022,3.7617396873794906,0.20217225604388422
co,3,3,2,Escherichia coli,E0c0,5.0469575785394145,-3.1897056785724635e-12,1.0,18.43899612781077,2.793750769997823e-20,-8.338157547405894e-14
co,3,3,2,Salmonella enterica,S0c0,3.144238873327347,-2.1080042586591346e-12,1.0,18.43899612781077,2.793750769997823e-20,-8.338157547405894e-14
co,3,4,1,Escherichia coli,E0c0,0.029958008574766458,0.017003065893365487,1.0,24.888282482097125,3.7617410428773073,0.23447359109586435
co,3,4,1,Salmonella enterica,S0c0,0.545358718654175,0.010592857165075631,1.0,24.888282482097125,3.7617410428773073,0.23447359109586435
co,3,4,2,Escherichia coli,E0c0,5.04696001469346,-1.949338383143501e-12,1.0,18.438996127810746,-5.033820611041637e-21,-7.811970897668576e-14
co,3,4,2,Salmonella enterica,S0c0,3.080950928873755,-1.214431691515925e-12,1.0,18.438996127810746,-5.033820611041637e-21,-7.811970897668576e-14
co,3,5,1,Escherichia coli,E0c0,0.029958880835547742,0.01700307412044664,1.0,24.87925940319101,3.7617408740824327,0.2460417898179344
co,3,5,1,Salmonella enterica,S0c0,0.5254959906911204,0.010379641774966732,1.0,24.87925940319101,3.7617408740824327,0.2460417898179344
co,3,5,2,Escherichia coli,E0c0,5.046960895180929,-1.7415133270039739e-12,1.0,18.43899612781074,-1.3872564117563322e-19,-5.632277932778983e-14
co,3,5,2,Salmonella enterica,S0c0,3.060874989735306,-1.0631179819441397e-12,1.0,18.43899612781074,-1.3872564117563322e-19,-5.632277932778983e-14
co,3,6,1,Escherichia coli,E0c0,0.02995916325155608,0.01700307709185311,1.0,24.876325313566674,3.761740796654218,0.24980351145827817
co,3,6,1,Salmonella enterica,S0c0,0.5192873000630945,0.010312006472784185,1.0,24.876325313566674,3.761740796654218,0.24980351145827817
co,3,6,2,Escherichia coli,E0c0,5.046961180567992,-1.4478672210739096e-12,1.0,18.43899612781078,-8.9734580290395e-20,-8.970621882393917e-14
co,3,6,2,Salmonella enterica,S0c0,3.0545986651226267,-8.781004165612732e-13,1.0,18.43899612781078,-8.9734580290395e-20,-8.970621882393917e-14
co,3,7,1,Escherichia coli,E0c0,0.029959252106287918,0.01700307805478439,1.0,24.875400911723467,3.7617407702162144,0.2509886653394055
co,3,7,1,Salmonella enterica,S0c0,0.5173554097683603,0.010290861702898009,1.0,24.875400911723467,3.7617407702162144,0.2509886653394055
co,3,7,2,Escherichia coli,E0c0,5.046961270385249,-1.0554668540091135e-12,1.0,18.438996127810835,4.700672289659049e-19,-1.292255745702052e-13
co,3,7,2,Salmonella enterica,S0c0,3.0526456304678184,-6.388056924493612e-13,1.0,18.438996127810835,4.700672289659049e-19,-1.292255745702052e-13
co,3,8,1,Escherichia coli,E0c0,0.029959279810604863,0.017003078357813478,1.0,24.875112568636847,3.761740761765477,0.25135834341510194
co,3,8,1,Salmonella enterica,S0c0,0.5167551417226808,0.010284281981327586,1.0,24.875112568636847,3.761740761765477,0.25135834341510194
co,3,8,2,Escherichia coli,E0c0,5.046961298392497,-9.606594606895312e-13,1.0,18.438996127810817,4.7205050903146115e-19,-1.3751224888224311e-13
co,3,8,2,Salmonella enterica,S0c0,3.0520387828279163,-5.810533406792817e-13,1.0,18.438996127810817,4.7205050903146115e-19,-1.3751224888224311e-13
co,3,9,1,Escherichia coli,E0c0,0.02995928842424006,0.01700307845231882,1.0,24.875022907623478,3.76174075911771,0.25147329576701855
co,3,9,1,Salmonella enterica,S0c0,0.5165687120399916,0.010282237527850957,1.0,24.875022907623478,3.76174075911771,0.25147329576701855
co,3,9,2,Escherichia coli,E0c0,5.046961307100595,-9.219651991953585e-13,1.0,18.438996127810842,4.727542393582058e-19,-1.408959960919781e-13
co,3,9,2,Salmonella enterica,S0c0,3.051850308731298,-5.575385032917985e-13,1.0,18.438996127810842,4.727542393582058e-19,-1.408959960919781e-13
co,4,0,0,Escherichia coli,E0c0,0.0,5.0,1.0,15.0,5.0,0.0
co,4,0,0,Salmonella enterica,S0c0,0.0,5.0,1.0,15.0,5.0,0.0
co,4,0,1,Escherichia coli,E0c0,0.07474264938573819,0.03368973343341914,1.0,16.656138174785994,2.554216116493802,0.033425024762289125
co,4,0,1,Salmonella enterica,S0c0,2.5294935950691615,0.03368973343341914,1.0,16.656138174785994,2.554216116493802,0.033425024762289125
co,4,0,2,Escherichia coli,E0c0,5.108431310259954,-4.29908926699253e-11,1.0,18.438996127810558,-1.4593776895119997e-15,-4.383016764235958e-14
co,4,0,2,Salmonella enterica,S0c0,5.088182260195695,-4.29908926699253e-11,1.0,18.438996127810558,-1.4593776895119997e-15,-4.383016764235958e-14
co,4,1,1,Escherichia coli,E0c0,0.030357223972603608,0.01721016849669365,1.0,25.040269827206107,3.74667576926559,0.05290250145619137
co,4,1,1,Salmonella enterica,S0c0,1.3139942837848386,0.017141949988439063,1.0,25.040269827206107,3.74667576926559,0.05290250145619137
co,4,1,2,Escherichia coli,E0c0,5.047566332564563,1.8113498239419722e-12,1.0,18.438996127810643,-2.3176778450982988e-20,-9.181027449115347e-16
co,4,1,2,Salmonella enterica,S0c0,3.8561354240687074,1.8041713871703297e-12,1.0,18.438996127810643,-2.3176778450982988e-20,-9.181027449115347e-16
co,4,2,1,Escherichia coli,E0c0,0.029954071203271163,0.017005116788845,1.0,24.967420744340366,3.7615879111348125,0.13314931131279323
co,4,2,1,Salmonella enterica,S0c0,0.7974296834865215,0.01299121773137373,1.0,24.967420744340366,3.7615879111348125,0.13314931131279323
co,4,2,2,Escherichia coli,E0c0,5.046958128217901,-2.0209179554091564e-12,1.0,18.43899612781073,-2.431368015857887e-20,-1.7208284786757843e-13
co,4,2,2,Salmonella enterica,S0c0,2.3354202008461953,-1.5438994693842908e-12,1.0,18.43899612781073,-2.431368015857887e-20,-1.7208284786757843e-13
co,4,2,2,Salmonella enterica,S1c2,1.0,0.0,1.9910270221055562,18.43899612781073,-2.431368015857887e-20,-1.7208284786757843e-13
co,4,3,1,Escherichia coli,E0c0,0.029958120617561902,0.017003067792168352,1.0,24.89430604158259,3.7617409624281914,0.2267511498745651
co,4,3,1,Salmonella enterica,S0c0,0.40188443152057446,0.007867968584117894,1.0,24.89430604158259,3.7617409624281914,0.2267511498745651
co,4,3,1,Salmonella enterica,S1c2,0.19348463907934654,0.04058267809543184,1.9910270221055562,24.89430604158259,3.7617409624281914,0.2267511498745651
co,4,3,2,Escherichia coli,E0c0,5.046960128670403,-5.537533455811867e-14,1.0,18.438996127749526,-3.7341627400126494e-11,1.1097322387855027e-10
co,4,3,2,Salmonella enterica,S0c0,2.0278644400385892,-2.5624281520409953e-14,1.0,18.438996127749526,-3.7341627400126494e-11,1.1097322387855027e-10
co,4,3,2,Salmonella enterica,S1c2,1.1409546123053609,-1.0980613402368984e-10,1.9910270221055562,18.438996127749526,-3.7341627400126494e-11,1.1097322387855027e-10
co,4,4,1,Escherichia coli,E0c0,0.029960841903050026,0.017003074608681,1.0,24.86724733347727,3.7617418263469187,0.2614410394923838
co,4,4,1,Salmonella enterica,S0c0,0.33099339185608134,0.006831821431359467,1.0,24.86724733347727,3.7617418263469187,0.2614410394923838
co,4,4,1,Salmonella enterica,S1c2,0.21108170003928475,0.0463029937499629,1.9910270221055562,24.86724733347727,3.7617418263469187,0.2614410394923838
co,4,4,2,Escherichia coli,E0c0,5.046962856734144,5.327084809381396e-15,1.0,18.438996127809492,2.9189909633788723e-13,9.842317928749717e-13
co,4,4,2,Salmonella enterica,S0c0,1.7831902685562693,2.1404183055168152e-15,1.0,18.438996127809492,2.9189909633788723e-13,9.842317928749717e-13
co,4,4,2,Salmonella enterica,S1c2,1.3370189835354744,2.3541105741296377e-10,1.9910270221055562,18.438996127809492,2.9189909633788723e-13,9.842317928749717e-13
co,4,5,1,Escherichia coli,E0c0,0.029962152417894242,0.01700308388848177,1.0,24.855158074089644,3.761741804247115,0.27694010947687275
co,4,5,1,Salmonella enterica,S0c0,0.28389001508709133,0.006007520678487082,1.0,24.855158074089644,3.761741804247115,0.27694010947687275
co,4,5,1,Salmonella enterica,S1c2,0.24224670892400413,0.05425981103008083,1.9910270221055562,24.855158074089644,3.761741804247115,0.27694010947687275
co,4,5,2,Escherichia coli,E0c0,5.046964176519148,-2.512128491083344e-14,1.0,18.438996127822,9.680860194401603e-12,-2.3401734480677863e-11
co,4,5,2,Salmonella enterica,S0c0,1.5508781168767327,-8.875839240890386e-15,1.0,18.438996127822,9.680860194401603e-12,-2.3401734480677863e-11
co,4,5,2,Salmonella enterica,S1c2,1.5605252859714558,5.371381655841391e-11,1.9910270221055562,18.438996127822,9.680860194401603e-12,-2.3401734480677863e-11
co,4,6,1,Escherichia coli,E0c0,0.02996296885631367,0.017003088405858346,1.0,24.848417495286654,3.761741884783474,0.2855818061564304
co,4,6,1,Salmonella enterica,S0c0,0.24301880830768863,0.005224867228234056,1.0,24.848417495286654,3.761741884783474,0.2855818061564304
co,4,6,1,Salmonella enterica,S1c2,0.27906893870572946,0.06333029534953237,1.9910270221055562,24.848417495286654,3.761741884783474,0.2855818061564304
co,4,6,2,Escherichia coli,E0c0,5.046964997484421,-8.15028162411051e-17,1.0,18.43899612781039,1.100813375256889e-15,-2.993265081906427e-15
co,4,6,2,Salmonella enterica,S0c0,1.3220333253673913,-2.5044943801528064e-17,1.0,18.43899612781039,1.100813375256889e-15,-2.993265081906427e-15
co,4,6,2,Salmonella enterica,S1c2,1.7936089304764293,1.190035067668349e-10,1.9910270221055562,18.43899612781039,1.100813375256889e-15,-2.993265081906427e-15
co,4,7,1,Escherichia coli,E0c0,0.029963624760711866,0.0170030912272409,1.0,24.843451839024187,3.7617420089002027,0.2919479226884695
co,4,7,1,Salmonella enterica,S0c0,0.20449910166627247,0.004453895211850793,1.0,24.843451839024187,3.7617420089002027,0.2919479226884695
co,4,7,1,Salmonella enterica,S1c2,0.31738612770206626,0.07278945386936597,1.9910270221055562,24.843451839024187,3.7617420089002027,0.2919479226884695
co,4,7,2,Escherichia coli,E0c0,5.046965656210042,-6.890742165328456e-15,1.0,18.438996127810352,2.971560462789705e-14,3.9575041785476804e-15
co,4,7,2,Salmonella enterica,S0c0,1.1013978161995082,-1.8050037528623345e-15,1.0,18.438996127810352,2.971560462789705e-14,3.9575041785476804e-15
co,4,7,2,Salmonella enterica,S1c2,2.0227301067856156,1.4438262207361292e-10,1.9910270221055562,18.438996127810352,2.971560462789705e-14,3.9575041785476804e-15
co,4,8,1,Escherichia coli,E0c0,0.0299642105258114,0.0170030929117155,1.0,24.839216592624815,3.7617421379436107,0.2973776119747621
co,4,8,1,Salmonella enterica,S0c0,0.16841340807115313,0.003710579916183487,1.0,24.839216592624815,3.7617421379436107,0.2973776119747621
co,4,8,1,Salmonella enterica,S1c2,0.35458943926644027,0.0820878047931862,1.9910270221055562,24.839216592624815,3.7617421379436107,0.2973776119747621
co,4,8,2,Escherichia coli,E0c0,5.046966243659534,-6.790087876755544e-16,1.0,18.43899612781034,-1.0582419156687689e-14,8.20912138081598e-14
co,4,8,2,Salmonella enterica,S0c0,0.8966643336395935,-1.4817988606795496e-16,1.0,18.43899612781034,-1.0582419156687689e-14,8.20912138081598e-14
co,4,8,2,Salmonella enterica,S1c2,2.237136242545557,-1.4006664715531731e-09,1.9910270221055562,18.43899612781034,-1.0582419156687689e-14,8.20912138081598e-14
co,4,9,1,Escherichia coli,E0c0,0.029964737980153887,0.017003094980554037,1.0,24.835495534280238,3.761742255842802,0.3021480956331101
co,4,9,1,Salmonella enterica,S0c0,0.13569557994162487,0.0030208382807597987,1.0,24.835495534280238,3.761742255842802,0.3021480956331101
co,4,9,1,Salmonella enterica,S1c2,0.3889027628175236,0.09078897992236935,1.9910270221055562,24.835495534280238,3.761742255842802,0.3021480956331101
co,4,9,2,Escherichia coli,E0c0,5.046966773182585,-1.1249262781967957e-16,1.0,18.438996127810388,7.338818585807338e-15,-1.870879928721055e-15
co,4,9,2,Salmonella enterica,S0c0,0.7143268616472175,-1.998589298952007e-17,1.0,18.438996127810388,7.338818585807338e-15,-1.870879928721055e-15
co,4,9,2,Salmonella enterica,S1c2,2.4290806402904423,-1.7211154656529067e-10,1.9910270221055562,18.438996127810388,7.338818585807338e-15,-1.870879928721055e-15
co,5,0,0,Escherichia coli,E0c0,0.0,5.0,1.0,15.0,5.0,0.0
co,5,0,0,Salmonella enterica,S0c0,0.0,5.0,1.0,15.0,5.0,0.0
co,5,0,1,Escherichia coli,E0c0,0.07474264938573819,0.03368973343341914,1.0,16.656138174785994,2.554216116493802,0.033425024762289125
co,5,0,1,Salmonella enterica,S0c0,2.5294935950691615,0.03368973343341914,1.0,16.656138174785994,2.554216116493802,0.033425024762289125
co,5,0,2,Escherichia coli,E0c0,5.108431310259954,-4.29908926699253e-11,1.0,18.438996127810558,-1.4593776895119997e-15,-4.383016764235958e-14
co,5,0,2,Salmonella enterica,S0c0,5.088182260195695,-4.29908926699253e-11,1.0,18.438996127810558,-1.4593776895119997e-15,-4.383016764235958e-14
co,5,1,1,Escherichia coli,E0c0,0.030357223972603608,0.01721016849669365,1.0,25.040269827206107,3.74667576926559,0.05290250145619137
co,5,1,1,Salmonella enterica,S0c0,1.3139942837848386,0.017141949988439063,1.0,25.040269827206107,3.74667576926559,0.05290250145619137
co,5,1,2,Escherichia coli,E0c0,5.047566332564563,1.8113498239419722e-12,1.0,18.438996127810643,-2.3176778450982988e-20,-9.181027449115347e-16
co,5,1,2,Salmonella enterica,S0c0,3.8561354240687074,1.8041713871703297e-12,1.0,18.438996127810643,-2.3176778450982988e-20,-9.181027449115347e-16
co,5,2,1,Escherichia coli,E0c0,0.029954071203271163,0.017005116788845,1.0,24.967420744340366,3.7615879111348125,0.13314931131279323
co,5,2,1,Salmonella enterica,S0c0,0.7974296834865215,0.01299121773137373,1.0,24.967420744340366,3.7615879111348125,0.13314931131279323
co,5,2,2,Escherichia coli,E0c0,5.046958128217901,-2.0209179554091564e-12,1.0,18.43899612781073,-2.431368015857887e-20,-1.7208284786757843e-13
co,5,2,2,Salmonella enterica,S0c0,3.3354202008461953,-1.5438994693842908e-12,1.0,18.43899612781073,-2.431368015857887e-20,-1.7208284786757843e-13
co,5,3,1,Escherichia coli,E0c0,0.029955570685420378,0.017003067626908792,1.0,24.913478455749022,3.7617396873794906,0.20217225604388422
co,5,3,1,Salmonella enterica,S0c0,0.6080025916630363,0.011236941896161002,1.0,24.913478455749022,3.7617396873794906,0.20217225604388422
co,5,3,2,Escherichia coli,E0c0,5.0469575785394145,-3.1897056785724635e-12,1.0,18.43899612781077,2.793750769997823e-20,-8.338157547405894e-14
co,5,3,2,Salmonella enterica,S0c0,3.144238873327347,-2.1080042586591346e-12,1.0,18.43899612781077,2.793750769997823e-20,-8.338157547405894e-14
co,5,4,1,Escherichia coli,E0c0,0.029958008574766458,0.017003065893365487,1.0,24.888282482097125,3.7617410428773073,0.23447359109586435
co,5,4,1,Salmonella enterica,S0c0,0.545358718654175,0.010592857165075631,1.0,24.888282482097125,3.7617410428773073,0.23447359109586435
co,5,4,2,Escherichia coli,E0c0,5.04696001469346,-1.949338383143501e-12,1.0,18.438996127810746,-5.033820611041637e-21,-7.811970897668576e-14
co,5,4,2,Salmonella enterica,S0c0,3.080950928873755,-1.214431691515925e-12,1.0,18.438996127810746,-5.033820611041637e-21,-7.811970897668576e-14
co,5,5,1,Escherichia coli,E0c0,0.029958880835547742,0.01700307412044664,1.0,24.87925940319101,3.7617408740824327,0.2460417898179344
co,5,5,1,Salmonella enterica,S0c0,0.5254959906911204,0.010379641774966732,1.0,24.87925940319101,3.7617408740824327,0.2460417898179344
co,5,5,2,Escherichia coli,E0c0,4.046960895180929,-1.7415133270039739e-12,1.0,18.43899612781074,-1.3872564117563322e-19,-5.632277932778983e-14
co,5,5,2,Escherichia coli,E1c5,1.0,0.0,1.9333725505517747,18.43899612781074,-1.3872564117563322e-19,-5.632277932778983e-14
co,5,5,2,Salmonella enterica,S0c0,3.060874989735306,-1.0631179819441397e-12,1.0,18.43899612781074,-1.3872564117563322e-19,-5.632277932778983e-14
co,5,6,1,Escherichia coli,E0c0,0.023920261887949847,0.013634103391132593,1.0,24.86233594604746,3.7854544984165592,0.2468279774160651
co,5,6,1,Escherichia coli,E1c5,0.01918073569115845,0.037654544884123405,1.9333725505517747,24.86233594604746,3.7854544984165592,0.2468279774160651
co,5,6,1,Salmonella enterica,S0c0,0.540262605015532,0.01031200625809873,1.0,24.86233594604746,3.7854544984165592,0.2468279774160651
co,5,6,2,Escherichia coli,E0c0,2.4449113902078485,-6.869135122300021e-15,1.0,18.438996127810253,9.96175516981982e-14,1.0134010162171418e-13
co,5,6,2,Escherichia coli,E1c5,2.6494771861228434,1.3404397620148967e-10,1.9333725505517747,18.438996127810253,9.96175516981982e-14,1.0134010162171418e-13
co,5,6,2,Salmonella enterica,S0c0,3.075573965454496,-5.195395787052602e-15,1.0,18.438996127810253,9.96175516981982e-14,1.0134010162171418e-13
co,5,7,1,Escherichia coli,E0c0,0.014369645924291873,0.008236840858191187,1.0,24.84376322223779,3.812914289748538,0.24642525861015735
co,5,7,1,Escherichia coli,E1c5,0.05065172759518394,0.09976485758455006,1.9333725505517747,24.84376322223779,3.812914289748538,0.24642525861015735
co,5,7,1,Salmonella enterica,S0c0,0.5748942432770087,0.010361526148762014,1.0,24.84376322223779,3.812914289748538,0.24642525861015735
co,5,7,2,Escherichia coli,E0c0,0.8967726821891805,-6.765304658600637e-17,1.0,18.438996127810398,7.651913744771195e-15,-1.696826827580988e-14
co,5,7,2,Escherichia coli,E1c5,4.2762493052426445,-7.987543920012677e-10,1.9333725505517747,18.438996127810398,7.651913744771195e-15,-1.696826827580988e-14
co,5,7,2,Salmonella enterica,S0c0,3.110255116323936,-8.510408581552504e-17,1.0,18.438996127810398,7.651913744771195e-15,-1.696826827580988e-14
co,5,8,1,Escherichia coli,E0c0,0.005246452866801723,0.00302120237590413,1.0,24.829474792622694,3.832157333785301,0.24777534056736572
co,5,8,1,Escherichia coli,E1c5,0.08153799140355127,0.16102022091731572,1.9333725505517747,24.829474792622694,3.832157333785301,0.24777534056736572
co,5,8,1,Salmonella enterica,S0c0,0.6129035374405695,0.01047836350697796,1.0,24.829474792622694,3.832157333785301,0.24777534056736572
co,5,8,2,Escherichia coli,E0c0,0.2381654765036852,-7.314749930370993e-17,1.0,18.438996127810388,-2.0512703768601498e-14,5.843583223298404e-14
co,5,8,2,Escherichia coli,E1c5,5.01265929001572,-5.7463089572338965e-11,1.9333725505517747,18.438996127810388,-2.0512703768601498e-14,5.843583223298404e-14
co,5,8,2,Salmonella enterica,S0c0,3.1483812398397895,-2.5369571182775743e-16,1.0,18.438996127810388,-2.0512703768601498e-14,5.843583223298404e-14
co,5,9,1,Escherichia coli,E0c0,0.0013920004647829136,0.0008023728908050788,1.0,24.829065367986527,3.8305343146274264,0.2497314139172817
co,5,9,1,Escherichia coli,E1c5,0.09553744282457224,0.18874940366550363,1.9333725505517747,24.829065367986527,3.8305343146274264,0.2497314139172817
co,5,9,1,Salmonella enterica,S0c0,0.6321549771682445,0.010606809155766287,1.0,24.829065367986527,3.8305343146274264,0.2497314139172817
co,5,9,2,Escherichia coli,E0c0,0.05624574222303411,-3.062118567366323e-18,1.0,18.438996127810398,-2.4128512287336003e-14,7.498019976358448e-14
co,5,9,2,Escherichia coli,E1c5,5.230234368987093,3.0324670894756445e-10,1.9333725505517747,18.438996127810398,-2.4128512287336003e-14,7.498019976358448e-14
co,5,9,2,Salmonella enterica,S0c0,3.167761121147116,-4.0479068545913174e-17,1.0,18.438996127810398,-2.4128512287336003e-14,7.498019976358448e-14
co,6,0,0,Escherichia coli,E0c0,0.0,5.0,1.0,15.0,5.0,0.0
co,6,0,0,Salmonella enterica,S0c0,0.0,5.0,1.0,15.0,5.0,0.0
co,6,0,1,Escherichia coli,E0c0,0.07474264938573819,0.03368973343341914,1.0,16.656138174785994,2.554216116493802,0.033425024762289125
co,6,0,1,Salmonella enterica,S0c0,2.5294935950691615,0.03368973343341914,1.0,16.656138174785994,2.554216116493802,0.033425024762289125
co,6,0,2,Escherichia coli,E0c0,5.108431310259954,-4.29908926699253e-11,1.0,18.438996127810558,-1.4593776895119997e-15,-4.383016764235958e-14
co,6,0,2,Salmonella enterica,S0c0,5.088182260195695,-4.29908926699253e-11,1.0,18.438996127810558,-1.4593776895119997e-15,-4.383016764235958e-14
co,6,1,1,Escherichia coli,E0c0,0.030357223972603608,0.01721016849669365,1.0,25.040269827206107,3.74667576926559,0.05290250145619137
co,6,1,1,Salmonella enterica,S0c0,1.3139942837848386,0.017141949988439063,1.0,25.040269827206107,3.74667576926559,0.05290250145619137
co,6,1,2,Escherichia coli,E0c0,5.047566332564563,1.8113498239419722e-12,1.0,18.438996127810643,-2.3176778450982988e-20,-9.181027449115347e-16
co,6,1,2,Salmonella enterica,S0c0,3.8561354240687074,1.8041713871703297e-12,1.0,18.438996127810643,-2.3176778450982988e-20,-9.181027449115347e-16
co,6,2,1,Escherichia coli,E0c0,0.029954071203271163,0.017005116788845,1.0,24.967420744340366,3.7615879111348125,0.13314931131279323
co,6,2,1,Salmonella enterica,S0c0,0.7974296834865215,0.01299121773137373,1.0,24.967420744340366,3.7615879111348125,0.13314931131279323
co,6,2,2,Escherichia coli,E0c0,5.046958128217901,-2.0209179554091564e-12,1.0,18.43899612781073,-2.431368015857887e-20,-1.7208284786757843e-13
co,6,2,2,Salmonella enterica,S0c0,3.3354202008461953,-1.5438994693842908e-12,1.0,18.43899612781073,-2.431368015857887e-20,-1.7208284786757843e-13
co,6,3,1,Escherichia coli,E0c0,0.029955570685420378,0.017003067626908792,1.0,24.913478455749022,3.7617396873794906,0.20217225604388422
co,6,3,1,Salmonella enterica,S0c0,0.6080025916630363,0.011236941896161002,1.0,24.913478455749022,3.7617396873794906,0.20217225604388422
co,6,3,2,Escherichia coli,E0c0,5.0469575785394145,-3.1897056785724635e-12,1.0,18.43899612781077,2.793750769997823e-20,-8.338157547405894e-14
co,6,3,2,Salmonella enterica,S0c0,3.144238873327347,-2.1080042586591346e-12,1.0,18.43899612781077,2.793750769997823e-20,-8.338157547405894e-14
co,6,4,1,Escherichia coli,E0c0,0.029958008574766458,0.017003065893365487,1.0,24.888282482097125,3.7617410428773073,0.23447359109586435
co,6,4,1,Salmonella enterica,S0c0,0.545358718654175,0.010592857165075631,1.0,24.888282482097125,3.7617410428773073,0.23447359109586435
co,6,4,2,Escherichia coli,E0c0,5.04696001469346,-1.949338383143501e-12,1.0,18.438996127810746,-5.033820611041637e-21,-7.811970897668576e-14
co,6,4,2,Salmonella enterica,S0c0,3.080950928873755,-1.214431691515925e-12,1.0,18.438996127810746,-5.033820611041637e-21,-7.811970897668576e-14
co,6,5,1,Escherichia coli,E0c0,0.029958880835547742,0.01700307412044664,1.0,24.87925940319101,3.7617408740824327,0.2460417898179344
co,6,5,1,Salmonella enterica,S0c0,0.5254959906911204,0.010379641774966732,1.0,24.87925940319101,3.7617408740824327,0.2460417898179344
co,6,5,2,Escherichia coli,E0c0,5.046960895180929,-1.7415133270039739e-12,1.0,18.43899612781074,-1.3872564117563322e-19,-5.632277932778983e-14
co,6,5,2,Salmonella enterica,S0c0,3.060874989735306,-1.0631179819441397e-12,1.0,18.43899612781074,-1.3872564117563322e-19,-5.632277932778983e-14
co,6,6,1,Escherichia coli,E0c0,0.02995916325155608,0.01700307709185311,1.0,24.876325313566674,3.761740796654218,0.24980351145827817
co,6,6,1,Salmonella enterica,S0c0,0.5192873000630945,0.010312006472784185,1.0,24.876325313566674,3.761740796654218,0.24980351145827817
co,6,6,2,Escherichia coli,E0c0,5.046961180567992,-1.4478672210739096e-12,1.0,18.43899612781078,-8.9734580290395e-20,-8.970621882393917e-14
co,6,6,2,Salmonella enterica,S0c0,3.0545986651226267,-8.781004165612732e-13,1.0,18.43899612781078,-8.9734580290395e-20,-8.970621882393917e-14
co,6,7,1,Escherichia coli,E0c0,0.029959252106287918,0.01700307805478439,1.0,24.875400911723467,3.7617407702162144,0.2509886653394055
co,6,7,1,Salmonella enterica,S0c0,0.5173554097683603,0.010290861702898009,1.0,24.875400911723467,3.7617407702162144,0.2509886653394055
co,6,7,2,Escherichia coli,E0c0,5.046961270385249,-1.0554668540091135e-12,1.0,18.438996127810835,4.700672289659049e-19,-1.292255745702052e-13
co,6,7,2,Salmonella enterica,S0c0,3.0526456304678184,-6.388056924493612e-13,1.0,18.438996127810835,4.700672289659049e-19,-1.292255745702052e-13
co,6,8,1,Escherichia coli,E0c0,0.029959279810604863,0.017003078357813478,1.0,24.875112568636847,3.761740761765477,0.25135834341510194
co,6,8,1,Salmonella enterica,S0c0,0.5167551417226808,0.010284281981327586,1.0,24.875112568636847,3.761740761765477,0.25135834341510194
co,6,8,2,Escherichia coli,E0c0,5.046961298392497,-9.606594606895312e-13,1.0,18.438996127810817,4.7205050903146115e-19,-1.3751224888224311e-13
co,6,8,2,Salmonella enterica,S0c0,3.0520387828279163,-5.810533406792817e-13,1.0,18.438996127810817,4.7205050903146115e-19,-1.3751224888224311e-13
co,6,9,1,Escherichia coli,E0c0,0.02995928842424006,0.01700307845231882,1.0,24.875022907623478,3.76174075911771,0.25147329576701855
co,6,9,1,Salmonella enterica,S0c0,0.5165687120399916,0.010282237527850957,1.0,24.875022907623478,3.76174075911771,0.25147329576701855
co,6,9,2,Escherichia coli,E0c0,5.046961307100595,-9.219651991953585e-13,1.0,18.438996127810842,4.727542393582058e-19,-1.408959960919781e-13
co,6,9,2,Salmonella enterica,S0c0,3.051850308731298,-5.575385032917985e-13,1.0,18.438996127810842,4.727542393582058e-19,-1.408959960919781e-13
co,7,0,0,Escherichia coli,E0c0,0.0,5.0,1.0,15.0,5.0,0.0
co,7,0,0,Salmonella enterica,S0c0,0.0,5.0,1.0,15.0,5.0,0.0
co,7,0,1,Escherichia coli,E0c0,0.07474264938573819,0.03368973343341914,1.0,16.656138174785994,2.554216116493802,0.033425024762289125
co,7,0,1,Salmonella enterica,S0c0,2.5294935950691615,0.03368973343341914,1.0,16.656138174785994,2.554216116493802,0.033425024762289125
co,7,0,2,Escherichia coli,E0c0,5.108431310259954,-4.29908926699253e-11,1.0,18.438996127810558,-1.4593776895119997e-15,-4.383016764235958e-14
co,7,0,2,Salmonella enterica,S0c0,5.088182260195695,-4.29908926699253e-11,1.0,18.438996127810558,-1.4593776895119997e-15,-4.383016764235958e-14
co,7,1,1,Escherichia coli,E0c0,0.030357223972603608,0.01721016849669365,1.0,25.040269827206107,3.74667576926559,0.05290250145619137
co,7,1,1,Salmonella enterica,S0c0,1.3139942837848386,0.017141949988439063,1.0,25.040269827206107,3.74667576926559,0.05290250145619137
co,7,1,2,Escherichia coli,E0c0,4.047566332564563,1.8113498239419722e-12,1.0,18.438996127810643,-2.3176778450982988e-20,-9.181027449115347e-16
co,7,1,2,Escherichia coli,E1c1,1.0,0.0,1.827110591810714,18.438996127810643,-2.3176778450982988e-20,-9.181027449115347e-16
co,7,1,2,Salmonella enterica,S0c0,3.8561354240687074,1.8041713871703297e-12,1.0,18.438996127810643,-2.3176778450982988e-20,-9.181027449115347e-16
co,7,2,1,Escherichia coli,E0c0,0.023928632315823598,0.013636143230260382,1.0,24.95112388098277,3.7820783017327386,0.13597440452348877
co,7,2,1,Escherichia coli,E1c1,0.01797880945560387,0.032396385974958024,1.827110591810714,24.95112388098277,3.7820783017327386,0.13597440452348877
co,7,2,1,Salmonella enterica,S0c0,0.8209500713371728,0.01299121759533116,1.0,24.95112388098277,3.7820783017327386,0.13597440452348877
co,7,2,2,Escherichia coli,E0c0,2.5533858264645932,-2.5118144410432954e-15,1.0,18.43899612781,2.6474026579979824e-13,3.048658581355777e-13
co,7,2,2,Escherichia coli,E1c1,2.5345530765415187,-1.3286807549357434e-10,1.827110591810714,18.43899612781,2.6474026579979824e-13,3.048658581355777e-13
co,7,2,2,Salmonella enterica,S0c0,3.3589405836195856,-2.3930173958773333e-15,1.0,18.43899612781,2.6474026579979824e-13,3.048658581355777e-13
co,7,3,1,Escherichia coli,E0c0,0.01502781675079142,0.008602288345410982,1.0,24.88361054343444,3.8036091011733197,0.20354421695037864
co,7,3,1,Escherichia coli,E1c1,0.04544739258460141,0.08211035967055817,1.827110591810714,24.88361054343444,3.8036091011733197,0.20354421695037864
co,7,3,1,Salmonella enterica,S0c0,0.6633436128386497,0.01131618071030263,1.0,24.88361054343444,3.8036091011733197,0.20354421695037864
co,7,3,2,Escherichia coli,E0c0,1.0306410117087315,7.226587788878241e-16,1.0,18.438996127810743,-1.1406770580697291e-13,-3.16959854925009e-13
co,7,3,2,Escherichia coli,E1c1,4.120545764809914,-1.233675096808025e-10,1.827110591810714,18.438996127810743,-1.1406770580697291e-13,-3.16959854925009e-13
co,7,3,2,Salmonella enterica,S0c0,3.199659121677263,9.50646735544899e-16,1.0,18.438996127810743,-1.1406770580697291e-13,-3.16959854925009e-13
co,7,4,1,Escherichia coli,E0c0,0.0060411320775531855,0.0034722017890829737,1.0,24.84784745426494,3.820560611956371,0.23444657599258958
co,7,4,1,Escherichia coli,E1c1,0.07371069317359766,0.13349079084189136,1.827110591810714,24.84784745426494,3.820560611956371,0.23444657599258958
co,7,4,1,Salmonella enterica,S0c0,0.6322628837679072,0.01077956533897681,1.0,24.84784745426494,3.820560611956371,0.23444657599258958
co,7,4,2,Escherichia coli,E0c0,0.30431300327134925,-3.3693206380390586e-17,1.0,18.43899612781042,-2.534516864369374e-16,6.636770919165781e-16
co,7,4,2,Escherichia coli,E1c1,4.912400720437108,-9.946119430047464e-11,1.827110591810714,18.43899612781042,-2.534516864369374e-16,6.636770919165781e-16
co,7,4,2,Salmonella enterica,S0c0,3.168041783871932,-1.0460167400413942e-16,1.0,18.43899612781042,-2.534516864369374e-16,6.636770919165781e-16
co,7,5,1,Escherichia coli,E0c0,0.0017817054347720313,0.0010252224451512612,1.0,24.83843373298464,3.8207095971027334,0.24638407509089968
co,7,5,1,Escherichia coli,E1c1,0.08782530478346032,0.159144029878178,1.827110591810714,24.83843373298464,3.8207095971027334,0.24638407509089968
co,7,5,1,Salmonella enterica,S0c0,0.6286487057852447,0.010673048831588783,1.0,24.83843373298464,3.8207095971027334,0.24638407509089968
co,7,5,2,Escherichia coli,E0c0,0.07925592082292082,-1.986975449572233e-15,1.0,18.438996127833853,3.80247929072037e-12,-3.3424582012850924e-11
co,7,5,2,Escherichia coli,E1c1,5.170519240214309,5.066245928545077e-10,1.827110591810714,18.438996127833853,3.80247929072037e-12,-3.3424582012850924e-11
co,7,5,2,Salmonella enterica,S0c0,3.164321090177511,-2.068535088203942e-14,1.0,18.438996127833853,3.80247929072037e-12,-3.3424582012850924e-11
co,7,6,1,Escherichia coli,E0c0,0.00046399866201689256,0.0002670110982802336,1.0,24.83717259545249,3.8178956432785505,0.2504822481323947
co,7,6,1,Escherichia coli,E1c1,0.09244192712647803,0.16750613710057666,1.827110591810714,24.83717259545249,3.8178956432785505,0.2504822481323947
co,7,6,1,Salmonella enterica,S0c0,0.6280569735501631,0.010660513950590197,1.0,24.83717259545249,3.8178956432785505,0.2504822481323947
co,7,6,2,Escherichia coli,E0c0,0.01987375293149647,-8.978658856974911e-18,1.0,18.43899612781035,-1.3778383056614622e-14,3.787285680662627e-14
co,7,6,2,Escherichia coli,E1c1,5.240804217984704,-1.397255664187101e-10,1.827110591810714,18.43899612781035,-1.3778383056614622e-14,3.787285680662627e-14
co,7,6,2,Salmonella enterica,S0c0,3.163716823173443,-3.5847617780816857e-16,1.0,18.43899612781035,-1.3778383056614622e-14,3.787285680662627e-14
co,7,7,1,Escherichia coli,E0c0,0.00011635308929457908,6.695414738422632e-05,1.0,24.837044054557957,3.816664729479385,0.2517324576267463
co,7,7,1,Escherichia coli,E1c1,0.09370222743810828,0.16978311635086574,1.827110591810714,24.837044054557957,3.816664729479385,0.2517324576267463
co,7,7,1,Salmonella enterica,S0c0,0.6277638623427366,0.010658478204436498,1.0,24.837044054557957,3.816664729479385,0.2517324576267463
co,7,7,2,Escherichia coli,E0c0,0.004933230757871043,3.7829226644463205e-19,1.0,18.43899612781033,-6.452896884862835e-14,1.8746791484838958e-13
co,7,7,2,Escherichia coli,E1c1,5.258734316771549,-3.226013658734662e-10,1.827110591810714,18.43899612781033,-6.452896884862835e-14,1.8746791484838958e-13
co,7,7,2,Salmonella enterica,S0c0,3.1634216762817826,6.022061423585543e-17,1.0,18.43899612781033,-6.452896884862835e-14,1.8746791484838958e-13
co,7,8,1,Escherichia coli,E0c0,2.888252418216267e-05,1.6619923801120583e-05,1.0,24.83701227238345,3.81629980770746,0.2520949901514458
co,7,8,1,Escherichia coli,E1c1,0.09402410650442813,0.17036398674674078,1.827110591810714,24.83701227238345,3.81629980770746,0.2520949901514458
co,7,8,1,Salmonella enterica,S0c0,0.6276112447730319,0.010657483866273808,1.0,24.83701227238345,3.81629980770746,0.2520949901514458
co,7,8,2,Escherichia coli,E0c0,0.0012214225777187162,-4.507449134414888e-20,1.0,18.438996127810423,-1.2642344668310383e-16,3.8388774585548294e-16
co,7,8,2,Escherichia coli,E1c1,5.263211069000728,1.4621592792927597e-10,1.827110591810714,18.438996127810423,-1.2642344668310383e-16,3.8388774585548294e-16
co,7,8,2,Salmonella enterica,S0c0,3.1632680644062297,-2.890390292764206e-17,1.0,18.438996127810423,-1.2642344668310383e-16,3.8388774585548294e-16
co,7,9,1,Escherichia coli,E0c0,7.151074425375898e-06,4.114940323890185e-06,1.0,24.836996245326592,3.816204168961413,0.2521998714160467
co,7,9,1,Escherichia coli,E1c1,0.09410450709621365,0.17050901735529136,1.827110591810714,24.836996245326592,3.816204168961413,0.2521998714160467
co,7,9,1,Salmonella enterica,S0c0,0.6275432424812565,0.010656966352964281,1.0,24.836996245326592,3.816204168961413,0.2521998714160467
co,7,9,2,Escherichia coli,E0c0,0.0003022190032939718,-2.6136892229925872e-20,1.0,18.43899612781043,1.8197289871546788e-15,-2.1829774102561584e-15
co,7,9,2,Escherichia coli,E1c1,5.264321467941271,-4.916976545698685e-10,1.827110591810714,18.43899612781043,1.8197289871546788e-15,-2.1829774102561584e-15
co,7,9,2,Salmonella enterica,S0c0,3.1631995446155288,-6.768991995257675e-17,1.0,18.43899612781043,1.8197289871546788e-15,-2.1829774102561584e-15
co,8,0,0,Escherichia coli,E0c0,0.0,5.0,1.0,15.0,5.0,0.0
co,8,0,0,Salmonella enterica,S0c0,0.0,5.0,1.0,15.0,5.0,0.0
co,8,0,1,Escherichia coli,E0c0,0.07474264938573819,0.03368973343341914,1.0,16.656138174785994,2.554216116493802,0.033425024762289125
co,8,0,1,Salmonella enterica,S0c0,2.5294935950691615,0.03368973343341914,1.0,16.656138174785994,2.554216116493802,0.033425024762289125
co,8,0,2,Escherichia coli,E0c0,5.108431310259954,-4.29908926699253e-11,1.0,18.438996127810558,-1.4593776895119997e-15,-4.383016764235958e-14
co,8,0,2,Salmonella enterica,S0c0,5.088182260195695,-4.29908926699253e-11,1.0,18.438996127810558,-1.4593776895119997e-15,-4.383016764235958e-14
co,8,1,1,Escherichia coli,E0c0,0.030357223972603608,0.01721016849669365,1.0,25.040269827206107,3.74667576926559,0.05290250145619137
co,8,1,1,Salmonella enterica,S0c0,1.3139942837848386,0.017141949988439063,1.0,25.040269827206107,3.74667576926559,0.05290250145619137
co,8,1,2,Escherichia coli,E0c0,5.047566332564563,1.8113498239419722e-12,1.0,18.438996127810643,-2.3176778450982988e-20,-9.181027449115347e-16
co,8,1,2,Salmonella enterica,S0c0,3.8561354240687074,1.8041713871703297e-12,1.0,18.438996127810643,-2.3176778450982988e-20,-9.181027449115347e-16
co,8,2,1,Escherichia coli,E0c0,0.029954071203271163,0.017005116788845,1.0,24.967420744340366,3.7615879111348125,0.13314931131279323
co,8,2,1,Salmonella enterica,S0c0,0.7974296834865215,0.01299121773137373,1.0,24.967420744340366,3.7615879111348125,0.13314931131279323
co,8,2,2,Escherichia coli,E0c0,5.046958128217901,-2.0209179554091564e-12,1.0,18.43899612781073,-2.431368015857887e-20,-1.7208284786757843e-13
co,8,2,2,Salmonella enterica,S0c0,3.3354202008461953,-1.5438994693842908e-12,1.0,18.43899612781073,-2.431368015857887e-20,-1.7208284786757843e-13
co,8,3,1,Escherichia coli,E0c0,0.029955570685420378,0.017003067626908792,1.0,24.913478455749022,3.7617396873794906,0.20217225604388422
co,8,3,1,Salmonella enterica,S0c0,0.6080025916630363,0.011236941896161002,1.0,24.913478455749022,3.7617396873794906,0.20217225604388422
co,8,3,2,Escherichia coli,E0c0,5.0469575785394145,-3.1897056785724635e-12,1.0,18.43899612781077,2.793750769997823e-20,-8.338157547405894e-14
co,8,3,2,Salmonella enterica,S0c0,3.144238873327347,-2.1080042586591346e-12,1.0,18.43899612781077,2.793750769997823e-20,-8.338157547405894e-14
co,8,4,1,Escherichia coli,E0c0,0.029958008574766458,0.017003065893365487,1.0,24.888282482097125,3.7617410428773073,0.23447359109586435
co,8,4,1,Salmonella enterica,S0c0,0.545358718654175,0.010592857165075631,1.0,24.888282482097125,3.7617410428773073,0.23447359109586435
co,8,4,2,Escherichia coli,E0c0,5.04696001469346,-1.949338383143501e-12,1.0,18.438996127810746,-5.033820611041637e-21,-7.811970897668576e-14
co,8,4,2,Salmonella enterica,S0c0,3.080950928873755,-1.214431691515925e-12,1.0,18.438996127810746,-5.033820611041637e-21,-7.811970897668576e-14
co,8,5,1,Escherichia coli,E0c0,0.029958880835547742,0.01700307412044664,1.0,24.87925940319101,3.7617408740824327,0.2460417898179344
co,8,5,1,Salmonella enterica,S0c0,0.5254959906911204,0.010379641774966732,1.0,24.87925940319101,3.7617408740824327,0.2460417898179344
co,8,5,2,Escherichia coli,E0c0,5.046960895180929,-1.7415133270039739e-12,1.0,18.43899612781074,-1.3872564117563322e-19,-5.632277932778983e-14
co,8,5,2,Salmonella enterica,S0c0,3.060874989735306,-1.0631179819441397e-12,1.0,18.43899612781074,-1.3872564117563322e-19,-5.632277932778983e-14
co,8,6,1,Escherichia coli,E0c0,0.02995916325155608,0.01700307709185311,1.0,24.876325313566674,3.761740796654218,0.24980351145827817
co,8,6,1,Salmonella enterica,S0c0,0.5192873000630945,0.010312006472784185,1.0,24.876325313566674,3.761740796654218,0.24980351145827817
co,8,6,2,Escherichia coli,E0c0,5.046961180567992,-1.4478672210739096e-12,1.0,18.43899612781078,-8.9734580290395e-20,-8.970621882393917e-14
co,8,6,2,Salmonella enterica,S0c0,3.0545986651226267,-8.781004165612732e-13,1.0,18.43899612781078,-8.9734580290395e-20,-8.970621882393917e-14
co,8,7,1,Escherichia coli,E0c0,0.029959252106287918,0.01700307805478439,1.0,24.875400911723467,3.7617407702162144,0.2509886653394055
co,8,7,1,Salmonella enterica,S0c0,0.5173554097683603,0.010290861702898009,1.0,24.875400911723467,3.7617407702162144,0.2509886653394055
co,8,7,2,Escherichia coli,E0c0,5.046961270385249,-1.0554668540091135e-12,1.0,18.438996127810835,4.700672289659049e-19,-1.292255745702052e-13
co,8,7,2,Salmonella enterica,S0c0,3.0526456304678184,-6.388056924493612e-13,1.0,18.438996127810835,4.700672289659049e-19,-1.292255745702052e-13
co,8,8,1,Escherichia coli,E0c0,0.029959279810604863,0.017003078357813478,1.0,24.875112568636847,3.761740761765477,0.25135834341510194
co,8,8,1,Salmonella enterica,S0c0,0.5167551417226808,0.010284281981327586,1.0,24.875112568636847,3.761740761765477,0.25135834341510194
co,8,8,2,Escherichia coli,E0c0,5.046961298392497,-9.606594606895312e-13,1.0,18.438996127810817,4.7205050903146115e-19,-1.3751224888224311e-13
co,8,8,2,Salmonella enterica,S0c0,3.0520387828279163,-5.810533406792817e-13,1.0,18.438996127810817,4.7205050903146115e-19,-1.3751224888224311e-13
co,8,9,1,Escherichia coli,E0c0,0.02995928842424006,0.01700307845231882,1.0,24.875022907623478,3.76174075911771,0.25147329576701855
co,8,9,1,Salmonella enterica,S0c0,0.5165687120399916,0.010282237527850957,1.0,24.875022907623478,3.76174075911771,0.25147329576701855
co,8,9,2,Escherichia coli,E0c0,5.046961307100595,-9.219651991953585e-13,1.0,18.438996127810842,4.727542393582058e-19,-1.408959960919781e-13
co,8,9,2,Salmonella enterica,S0c0,3.051850308731298,-5.575385032917985e-13,1.0,18.438996127810842,4.727542393582058e-19,-1.408959960919781e-13
co,9,0,0,Escherichia coli,E0c0,0.0,5.0,1.0,15.0,5.0,0.0
co,9,0,0,Salmonella enterica,S0c0,0.0,5.0,1.0,15.0,5.0,0.0
co,9,0,1,Escherichia coli,E0c0,0.07474264938573819,0.03368973343341914,1.0,16.656138174785994,2.554216116493802,0.033425024762289125
co,9,0,1,Salmonella enterica,S0c0,2.5294935950691615,0.03368973343341914,1.0,16.656138174785994,2.554216116493802,0.033425024762289125
co,9,0,2,Escherichia coli,E0c0,5.108431310259954,-4.29908926699253e-11,1.0,18.438996127810558,-1.4593776895119997e-15,-4.383016764235958e-14
co,9,0,2,Salmonella enterica,S0c0,5.088182260195695,-4.29908926699253e-11,1.0,18.438996127810558,-1.4593776895119997e-15,-4.383016764235958e-14
co,9,1,1,Escherichia coli,E0c0,0.030357223972603608,0.01721016849669365,1.0,25.040269827206107,3.74667576926559,0.05290250145619137
co,9,1,1,Salmonella enterica,S0c0,1.3139942837848386,0.017141949988439063,1.0,25.040269827206107,3.74667576926559,0.05290250145619137
co,9,1,2,Escherichia coli,E0c0,5.047566332564563,1.8113498239419722e-12,1.0,18.438996127810643,-2.3176778450982988e-20,-9.181027449115347e-16
co,9,1,2,Salmonella enterica,S0c0,3.8561354240687074,1.8041713871703297e-12,1.0,18.438996127810643,-2.3176778450982988e-20,-9.181027449115347e-16
co,9,2,1,Escherichia coli,E0c0,0.029954071203271163,0.017005116788845,1.0,24.967420744340366,3.7615879111348125,0.13314931131279323
co,9,2,1,Salmonella enterica,S0c0,0.7974296834865215,0.01299121773137373,1.0,24.967420744340366,3.7615879111348125,0.13314931131279323
co,9,2,2,Escherichia coli,E0c0,5.046958128217901,-2.0209179554091564e-12,1.0,18.43899612781073,-2.431368015857887e-20,-1.7208284786757843e-13
co,9,2,2,Salmonella enterica,S0c0,3.3354202008461953,-1.5438994693842908e-12,1.0,18.43899612781073,-2.431368015857887e-20,-1.7208284786757843e-13
co,9,3,1,Escherichia coli,E0c0,0.029955570685420378,0.017003067626908792,1.0,24.913478455749022,3.7617396873794906,0.20217225604388422
co,9,3,1,Salmonella enterica,S0c0,0.6080025916630363,0.011236941896161002,1.0,24.913478455749022,3.7617396873794906,0.20217225604388422
co,9,3,2,Escherichia coli,E0c0,5.0469575785394145,-3.1897056785724635e-12,1.0,18.43899612781077,2.793750769997823e-20,-8.338157547405894e-14
co,9,3,2,Salmonella enterica,S0c0,3.144238873327347,-2.1080042586591346e-12,1.0,18.43899612781077,2.793750769997823e-20,-8.338157547405894e-14
co,9,4,1,Escherichia coli,E0c0,0.029958008574766458,0.017003065893365487,1.0,24.888282482097125,3.7617410428773073,0.23447359109586435
co,9,4,1,Salmonella enterica,S0c0,0.545358718654175,0.010592857165075631,1.0,24.888282482097125,3.7617410428773073,0.23447359109586435
co,9,4,2,Escherichia coli,E0c0,5.04696001469346,-1.949338383143501e-12,1.0,18.438996127810746,-5.033820611041637e-21,-7.811970897668576e-14
co,9,4,2,Salmonella enterica,S0c0,3.080950928873755,-1.214431691515925e-12,1.0,18.438996127810746,-5.033820611041637e-21,-7.811970897668576e-14
co,9,5,1,Escherichia coli,E0c0,0.029958880835547742,0.01700307412044664,1.0,24.87925940319101,3.7617408740824327,0.2460417898179344
co,9,5,1,Salmonella enterica,S0c0,0.5254959906911204,0.010379641774966732,1.0,24.87925940319101,3.7617408740824327,0.2460417898179344
co,9,5,2,Escherichia coli,E0c0,5.046960895180929,-1.7415133270039739e-12,1.0,18.43899612781074,-1.3872564117563322e-19,-5.632277932778983e-14
co,9,5,2,Salmonella enterica,S0c0,3.060874989735306,-1.0631179819441397e-12,1.0,18.43899612781074,-1.3872564117563322e-19,-5.632277932778983e-14
co,9,6,1,Escherichia coli,E0c0,0.02995916325155608,0.01700307709185311,1.0,24.876325313566674,3.761740796654218,0.24980351145827817
co,9,6,1,Salmonella enterica,S0c0,0.5192873000630945,0.010312006472784185,1.0,24.876325313566674,3.761740796654218,0.24980351145827817
co,9,6,2,Escherichia coli,E0c0,5.046961180567992,-1.4478672210739096e-12,1.0,18.43899612781078,-8.9734580290395e-20,-8.970621882393917e-14
co,9,6,2,Salmonella enterica,S0c0,3.0545986651226267,-8.781004165612732e-13,1.0,18.43899612781078,-8.9734580290395e-20,-8.970621882393917e-14
co,9,7,1,Escherichia coli,E0c0,0.029959252106287918,0.01700307805478439,1.0,24.875400911723467,3.7617407702162144,0.2509886653394055
co,9,7,1,Salmonella enterica,S0c0,0.5173554097683603,0.010290861702898009,1.0,24.875400911723467,3.7617407702162144,0.2509886653394055
co,9,7,2,Escherichia coli,E0c0,5.046961270385249,-1.0554668540091135e-12,1.0,18.438996127810835,4.700672289659049e-19,-1.292255745702052e-13
co,9,7,2,Salmonella enterica,S0c0,3.0526456304678184,-6.388056924493612e-13,1.0,18.438996127810835,4.700672289659049e-19,-1.292255745702052e-13
co,9,8,1,Escherichia coli,E0c0,0.029959279810604863,0.017003078357813478,1.0,24.875112568636847,3.761740761765477,0.25135834341510194
co,9,8,1,Salmonella enterica,S0c0,0.5167551417226808,0.010284281981327586,1.0,24.875112568636847,3.761740761765477,0.25135834341510194
co,9,8,2,Escherichia coli,E0c0,5.046961298392497,-9.606594606895312e-13,1.0,18.438996127810817,4.7205050903146115e-19,-1.3751224888224311e-13
co,9,8,2,Salmonella enterica,S0c0,3.0520387828279163,-5.810533406792817e-13,1.0,18.438996127810817,4.7205050903146115e-19,-1.3751224888224311e-13
co,9,9,1,Escherichia coli,E0c0,0.02995928842424006,0.01700307845231882,1.0,24.875022907623478,3.76174075911771,0.25147329576701855
co,9,9,1,Salmonella enterica,S0c0,0.5165687120399916,0.010282237527850957,1.0,24.875022907623478,3.76174075911771,0.25147329576701855
co,9,9,2,Escherichia coli,E0c0,5.046961307100595,-9.219651991953585e-13,1.0,18.438996127810842,4.727542393582058e-19,-1.408959960919781e-13
co,9,9,2,Salmonella enterica,S0c0,3.051850308731298,-5.575385032917985e-13,1.0,18.438996127810842,4.727542393582058e-19,-1.408959960919781e-13
