##culture:mono#seed:4#rep:5#mu:(0.0003, 0)#cycles:10#init_R:(1000, 1500, 0)#init_n:(10, 0)#init_lag:(1, 0)#Ta:5#alpha:(3, 0)#mut_func:null#max_lag_change:(1.1, 0)
seed,culture,rep,cycle,phase_end,species,genotype,nlag,ngrow,ntot,lag,Ta,M,L,A
4,mono,0,0,0,Escherichia coli,E0c0,10.0,0.0,10.0,1.0,5,1000.0,1500.0,0.0
4,mono,0,0,1,Escherichia coli,E0c0,0.06737946805041238,0.06714170596202192,0.1345211740124343,1.0,5,999.5067010687172,1495.0672231871742,4.982066705953586
4,mono,0,0,2,Escherichia coli,E0c0,0.0,1500.134206146143,1500.134206146143,1.0,5,424.99991075001066,-1.2077435579337627e-32,757.4998409250187
4,mono,0,1,1,Escherichia coli,E0c0,5.053912362677143,5.035343876976059,10.089256239653203,1.0,5,1388.0009835346727,1130.0110465965968,1131.18862704996
4,mono,0,1,2,Escherichia coli,E0c0,3.0334953829531054e-12,1509.0889391462129,1509.0889391462158,1.0,5,424.9999107500105,-4.22398780445495e-25,757.4998409250206
4,mono,0,1,2,Escherichia coli,E1c1,1.0,0.0,1.0,1.3423777679731705,5,424.9999107500105,-4.22398780445495e-25,757.4998409250206
4,mono,0,2,1,Escherichia coli,E0c0,5.084080620720729,5.065420148146267,10.149500768866996,1.0,5,1387.75608856414,1127.5620968912713,1133.6620662523424
4,mono,0,2,1,Escherichia coli,E1c1,0.012059758691084114,0.007162702553484911,0.019222461244569024,1.3423777679731705,5,1387.75608856414,1127.5620968912713,1133.6620662523424
4,mono,0,2,2,Escherichia coli,E0c0,0.0,1506.7280284270835,1506.7280284270835,1.0,5,424.9999107500094,-3.739959329880956e-24,757.499840925018
4,mono,0,2,2,Escherichia coli,E1c1,0.0,2.4403776980185232,2.4403776980185232,1.3423777679731705,5,424.9999107500094,-3.739959329880956e-24,757.499840925018
4,mono,0,2,2,Escherichia coli,E2c2,1.0,0.0,1.0,1.1747770645604798,5,424.9999107500094,-3.739959329880956e-24,757.499840925018
4,mono,0,3,1,Escherichia coli,E0c0,5.076126775107312,5.057495481273003,10.133622256380315,1.0,5,1387.755309272466,1127.554303974549,1133.669937098228
4,mono,0,3,1,Escherichia coli,E1c1,0.029430366153204515,0.01747969956520446,0.04691006571840897,1.3423777679731705,5,1387.755309272466,1127.554303974549,1133.669937098228
4,mono,0,3,1,Escherichia coli,E2c2,0.0070885543732242305,0.005250010397764463,0.012338564770988693,1.1747770645604798,5,1387.755309272466,1127.554303974549,1133.669937098228
4,mono,0,3,2,Escherichia coli,E0c0,0.0,1501.5647125509897,1501.5647125509897,1.0,5,424.9999107500111,3.5698516380246856e-24,757.4998409250196
4,mono,0,3,2,Escherichia coli,E1c1,0.0,5.94434908369878,5.94434908369878,1.3423777679731705,5,424.9999107500111,3.5698516380246856e-24,757.4998409250196
4,mono,0,3,2,Escherichia coli,E2c2,0.0,1.6834921374299845,1.6834921374299845,1.1747770645604798,5,424.9999107500111,3.5698516380246856e-24,757.4998409250196
4,mono,0,3,2,Escherichia coli,E3c3,1.0,0.0,1.0,1.3528622951964873,5,424.9999107500111,3.5698516380246856e-24,757.4998409250196
4,mono,0,4,1,Escherichia coli,E0c0,5.058731700825941,5.040163880565055,10.098895581390996,1.0,5,1387.7577434159227,1127.5786454090828,1133.6453522493496
4,mono,0,4,1,Escherichia coli,E1c1,0.07168741552495748,0.04257760197502683,0.11426501749998431,1.3423777679731705,5,1387.7577434159227,1127.5786454090828,1133.6453522493496
4,mono,0,4,1,Escherichia coli,E2c2,0.011933525553063153,0.008838350673751655,0.020771876226814808,1.1747770645604798,5,1387.7577434159227,1127.5786454090828,1133.6453522493496
4,mono,0,4,1,Escherichia coli,E3c3,0.012412951975571202,0.007282155984187058,0.01969510795975826,1.3528622951964873,5,1387.7577434159227,1127.5786454090828,1133.6453522493496
4,mono,0,4,2,Escherichia coli,E0c0,2.261194785989439e-09,1488.5459123728863,1488.5459123751475,1.0,5,424.9999107500099,-7.817348595085497e-18,757.499840925017
4,mono,0,4,2,Escherichia coli,E1c1,1.1925248454810532e-09,14.4130109410095,14.413010942202025,1.3423777679731705,5,424.9999107500099,-7.817348595085497e-18,757.499840925017
4,mono,0,4,2,Escherichia coli,E2c2,5.218026552129737e-11,2.821143875018765,2.8211438750709457,1.1747770645604798,5,424.9999107500099,-7.817348595085497e-18,757.499840925017
4,mono,0,4,2,Escherichia coli,E3c3,2.2123208033115223e-10,2.4732432631358443,2.4732432633570762,1.3528622951964873,5,424.9999107500099,-7.817348595085497e-18,757.499840925017
4,mono,0,4,2,Escherichia coli,E4c4,1.0,0.0,1.0,1.9081213133081447,5,424.9999107500099,-7.817348595085497e-18,757.499840925017
4,mono,0,4,2,Escherichia coli,E5c4,1.0,0.0,1.0,1.4054496680234763,5,424.9999107500099,-7.817348595085497e-18,757.499840925017
4,mono,0,5,1,Escherichia coli,E0c0,5.014871708226554,4.996463741392718,10.011335449619272,1.0,5,1387.7657115476384,1127.6583267262608,1133.5648741189975
4,mono,0,5,1,Escherichia coli,E1c1,0.17381743397479907,0.10323608670433321,0.27705352067913225,1.3423777679731705,5,1387.7657115476384,1127.6583267262608,1133.5648741189975
4,mono,0,5,1,Escherichia coli,E2c2,0.01999783175310029,0.014811030903356727,0.03480886265645702,1.1747770645604798,5,1387.7657115476384,1127.6583267262608,1133.5648741189975
4,mono,0,5,1,Escherichia coli,E3c3,0.030700249851944392,0.018010540144787923,0.04871078999673231,1.3528622951964873,5,1387.7657115476384,1127.6583267262608,1133.5648741189975
4,mono,0,5,1,Escherichia coli,E4c4,0.036387657312102126,0.01294048464247404,0.04932814195457617,1.9081213133081447,5,1387.7657115476384,1127.6583267262608,1133.5648741189975
4,mono,0,5,1,Escherichia coli,E5c4,0.014253861245770839,0.007877943747052097,0.022131804992822936,1.4054496680234763,5,1387.7657115476384,1127.6583267262608,1133.5648741189975
4,mono,0,5,2,Escherichia coli,E0c0,0.0,1457.6421378053474,1457.6421378053474,1.0,5,424.9999107500088,-2.773267366361458e-22,757.4998409250159
4,mono,0,5,2,Escherichia coli,E1c1,2.3002686016359765e-12,34.47410527191624,34.47410527191854,1.3423777679731705,5,424.9999107500088,-2.773267366361458e-22,757.4998409250159
4,mono,0,5,2,Escherichia coli,E2c2,0.0,4.663660710916184,4.663660710916184,1.1747770645604798,5,424.9999107500088,-2.773267366361458e-22,757.4998409250159
4,mono,0,5,2,Escherichia coli,E3c3,5.465203386297302e-13,6.034225972327979,6.034225972328525,1.3528622951964873,5,424.9999107500088,-2.773267366361458e-22,757.4998409250159
4,mono,0,5,2,Escherichia coli,E4c4,0.0,4.947007888676911,4.947007888676911,1.9081213133081447,5,424.9999107500088,-2.773267366361458e-22,757.4998409250159
4,mono,0,5,2,Escherichia coli,E5c4,6.861167662845474e-13,2.681913754708165,2.681913754708851,1.4054496680234763,5,424.9999107500088,-2.773267366361458e-22,757.4998409250159
4,mono,0,6,1,Escherichia coli,E0c0,4.910757711116689,4.892729089584041,9.80348680070073,1.0,5,1387.7860962752432,1127.862174002322,1133.3589883701736
4,mono,0,6,1,Escherichia coli,E1c1,0.41574939066971756,0.24692759701747008,0.6626769876871876,1.3423777679731705,5,1387.7860962752432,1127.862174002322,1133.3589883701736
4,mono,0,6,1,Escherichia coli,E2c2,0.03305861252747541,0.024484248986687263,0.05754286151416267,1.1747770645604798,5,1387.7860962752432,1127.862174002322,1133.3589883701736
4,mono,0,6,1,Escherichia coli,E3c3,0.07490255720416387,0.04394214805637404,0.11884470526053792,1.3528622951964873,5,1387.7860962752432,1127.862174002322,1133.3589883701736
4,mono,0,6,1,Escherichia coli,E4c4,0.18001002777342595,0.06401665676579026,0.24402668453921622,1.9081213133081447,5,1387.7860962752432,1127.862174002322,1133.3589883701736
4,mono,0,6,1,Escherichia coli,E5c4,0.038227626532718564,0.02112795671677535,0.059355583249493915,1.4054496680234763,5,1387.7860962752432,1127.862174002322,1133.3589883701736
4,mono,0,6,2,Escherichia coli,E0c0,3.7241728759061024e-11,1379.0166284570307,1379.016628457068,1.0,5,424.9999107500092,-2.0607789750805478e-27,757.4998409250169
4,mono,0,6,2,Escherichia coli,E1c1,0.0,79.66407487055065,79.66407487055065,1.3423777679731705,5,424.9999107500092,-2.0607789750805478e-27,757.4998409250169
4,mono,0,6,2,Escherichia coli,E2c2,0.0,7.448332871614349,7.448332871614349,1.1747770645604798,5,424.9999107500092,-2.0607789750805478e-27,757.4998409250169
4,mono,0,6,2,Escherichia coli,E3c3,0.0,14.223536573767781,14.223536573767781,1.3528622951964873,5,424.9999107500092,-2.0607789750805478e-27,757.4998409250169
4,mono,0,6,2,Escherichia coli,E4c4,1.8758963815674677e-09,23.644060713952864,23.64406071582876,1.9081213133081447,5,424.9999107500092,-2.0607789750805478e-27,757.4998409250169
4,mono,0,6,2,Escherichia coli,E5c4,0.0,6.9489828656985955,6.9489828656985955,1.4054496680234763,5,424.9999107500092,-2.0607789750805478e-27,757.4998409250169
4,mono,0,7,1,Escherichia coli,E0c0,4.645870454900503,4.628806189499765,9.27467664440027,1.0,5,1387.8511435266416,1128.512646516304,1132.702011131053
4,mono,0,7,1,Escherichia coli,E1c1,0.9607295192837846,0.5706089258139377,1.5313384450977223,1.3423777679731705,5,1387.8511435266416,1128.512646516304,1132.702011131053
4,mono,0,7,1,Escherichia coli,E2c2,0.05279791254984055,0.03910373749317767,0.09190165004301823,1.1747770645604798,5,1387.8511435266416,1128.512646516304,1132.702011131053
4,mono,0,7,1,Escherichia coli,E3c3,0.17655607641238663,0.10357781077866356,0.2801338871910502,1.3528622951964873,5,1387.8511435266416,1128.512646516304,1132.702011131053
4,mono,0,7,1,Escherichia coli,E4c4,0.8603519787938674,0.30596516022083087,1.1663171390146982,1.9081213133081447,5,1387.8511435266416,1128.512646516304,1132.702011131053
4,mono,0,7,1,Escherichia coli,E5c4,0.09904983756668843,0.05474360172984649,0.15379343929653494,1.4054496680234763,5,1387.8511435266416,1128.512646516304,1132.702011131053
4,mono,0,7,2,Escherichia coli,E0c0,0.0,1185.019929795935,1185.019929795935,1.0,5,424.9999107500094,-1.982548545376911e-24,757.4998409250159
4,mono,0,7,2,Escherichia coli,E1c1,3.559334187664899e-12,167.2144078846487,167.21440788465225,1.3423777679731705,5,424.9999107500094,-1.982548545376911e-24,757.4998409250159
4,mono,0,7,2,Escherichia coli,E2c2,9.9173242770416e-15,10.80513908632303,10.80513908632304,1.1747770645604798,5,424.9999107500094,-1.982548545376911e-24,757.4998409250159
4,mono,0,7,2,Escherichia coli,E3c3,7.521409412936157e-13,30.453378215781605,30.453378215782358,1.3528622951964873,5,424.9999107500094,-1.982548545376911e-24,757.4998409250159
4,mono,0,7,2,Escherichia coli,E4c4,3.4176760023825336e-10,102.65036428527259,102.65036428561436,1.9081213133081447,5,424.9999107500094,-1.982548545376911e-24,757.4998409250159
4,mono,0,7,2,Escherichia coli,E5c4,8.063305431900624e-13,16.35462435223987,16.354624352240677,1.4054496680234763,5,424.9999107500094,-1.982548545376911e-24,757.4998409250159
4,mono,0,8,1,Escherichia coli,E0c0,3.9923007210976347,3.9776160626983854,7.96991678379602,1.0,5,1388.0545690129422,1130.5469013793127,1130.6474137194148
4,mono,0,8,1,Escherichia coli,E1c1,2.0165654087477685,1.197699802796856,3.2142652115446246,1.3423777679731705,5,1388.0545690129422,1130.5469013793127,1130.6474137194148
4,mono,0,8,1,Escherichia coli,E2c2,0.07659281592240862,0.056726710112356624,0.13331952603476524,1.1747770645604798,5,1388.0545690129422,1130.5469013793127,1130.6474137194148
4,mono,0,8,1,Escherichia coli,E3c3,0.3780163212840655,0.22176492533778175,0.5997812466218473,1.3528622951964873,5,1388.0545690129422,1130.5469013793127,1130.6474137194148
4,mono,0,8,1,Escherichia coli,E4c4,3.7352062785850313,1.3283391192574483,5.063545397842479,1.9081213133081447,5,1388.0545690129422,1130.5469013793127,1130.6474137194148
4,mono,0,8,1,Escherichia coli,E5c4,0.23311654624248843,0.12884008239796535,0.36195662864045375,1.4054496680234763,5,1388.0545690129422,1130.5469013793127,1130.6474137194148
4,mono,0,8,2,Escherichia coli,E0c0,0.0,798.7625169235984,798.7625169235984,1.0,5,424.9999107500098,-7.691989173897585e-21,757.499840925017
4,mono,0,8,2,Escherichia coli,E1c1,1.3829669399934374e-12,275.3179553985882,275.31795539858956,1.3423777679731705,5,424.9999107500098,-7.691989173897585e-21,757.499840925017
4,mono,0,8,2,Escherichia coli,E2c2,0.0,12.295407169629195,12.295407169629195,1.1747770645604798,5,424.9999107500098,-7.691989173897585e-21,757.499840925017
4,mono,0,8,2,Escherichia coli,E3c3,4.506994809119321e-13,51.146234303546024,51.14623430354647,1.3528622951964873,5,424.9999107500098,-7.691989173897585e-21,757.499840925017
4,mono,0,8,2,Escherichia coli,E4c4,4.506252536255447e-09,349.6268387300252,349.6268387345315,1.9081213133081447,5,424.9999107500098,-7.691989173897585e-21,757.499840925017
4,mono,0,8,2,Escherichia coli,E5c4,1.2750723451787118e-12,30.193513696410044,30.19351369641132,1.4054496680234763,5,424.9999107500098,-7.691989173897585e-21,757.499840925017
4,mono,0,9,1,Escherichia coli,E0c0,2.6910097391788748,2.6810777354630106,5.372087474641885,1.0,5,1388.5532138937647,1135.5333501875386,1125.6111004231095
4,mono,0,9,1,Escherichia coli,E1c1,3.3202681054406327,1.9719894578869435,5.292257563327576,1.3423777679731705,5,1388.5532138937647,1135.5333501875386,1125.6111004231095
4,mono,0,9,1,Escherichia coli,E2c2,0.0871566622624084,0.06454988301104755,0.15170654527345595,1.1747770645604798,5,1388.5532138937647,1135.5333501875386,1125.6111004231095
4,mono,0,9,1,Escherichia coli,E3c3,0.6348757501435298,0.3724490232839045,1.0073247734274342,1.3528622951964873,5,1388.5532138937647,1135.5333501875386,1125.6111004231095
4,mono,0,9,1,Escherichia coli,E4c4,12.722101594999263,4.524282940904518,17.24638453590378,1.9081213133081447,5,1388.5532138937647,1135.5333501875386,1125.6111004231095
4,mono,0,9,1,Escherichia coli,E5c4,0.4303741547526565,0.23785921304020616,0.6682333677928627,1.4054496680234763,5,1388.5532138937647,1135.5333501875386,1125.6111004231095
4,mono,0,9,2,Escherichia coli,E0c0,0.0,352.15532505435704,352.15532505435704,1.0,5,424.99991075000986,-3.3391069249466413e-18,757.4998409250162
4,mono,0,9,2,Escherichia coli,E1c1,1.658211532555618e-12,296.5257362065118,296.52573620651344,1.3423777679731705,5,424.99991075000986,-3.3391069249466413e-18,757.4998409250162
4,mono,0,9,2,Escherichia coli,E2c2,0.0,9.151598712698398,9.151598712698398,1.1747770645604798,5,424.99991075000986,-3.3391069249466413e-18,757.4998409250162
4,mono,0,9,2,Escherichia coli,E3c3,4.105591467767872e-13,56.190227944541064,56.190227944541476,1.3528622951964873,5,424.99991075000986,-3.3391069249466413e-18,757.4998409250162
4,mono,0,9,2,Escherichia coli,E4c4,7.424894711644129e-09,778.2506480125883,778.2506480200132,1.9081213133081447,5,424.99991075000986,-3.3391069249466413e-18,757.4998409250162
4,mono,0,9,2,Escherichia coli,E5c4,8.038411769136259e-13,36.46413724224435,36.46413724224515,1.4054496680234763,5,424.99991075000986,-3.3391069249466413e-18,757.4998409250162
4,mono,0,9,2,Escherichia coli,E6c9,1.0,0.0,1.0,2.5274084072806238,5,424.99991075000986,-3.3391069249466413e-18,757.4998409250162
4,mono,1,0,0,Escherichia coli,E0c0,10.0,0.0,10.0,1.0,5,1000.0,1500.0,0.0
4,mono,1,0,1,Escherichia coli,E0c0,0.06737946805041238,0.06714170596202192,0.1345211740124343,1.0,5,999.5067010687172,1495.0672231871742,4.982066705953586
4,mono,1,0,2,Escherichia coli,E0c0,0.0,1500.134206146143,1500.134206146143,1.0,5,424.99991075001066,-1.2077435579337627e-32,757.4998409250187
4,mono,1,1,1,Escherichia coli,E0c0,5.053912362677143,5.035343876976059,10.089256239653203,1.0,5,1388.0009835346727,1130.0110465965968,1131.18862704996
4,mono,1,1,2,Escherichia coli,E0c0,3.0334953829531054e-12,1510.0889391462129,1510.0889391462158,1.0,5,424.9999107500105,-4.22398780445495e-25,757.4998409250206
4,mono,1,2,1,Escherichia coli,E0c0,5.087449594205842,5.068776842738164,10.156226436944007,1.0,5,1387.75546372452,1127.5558484950823,1133.6683771324924
4,mono,1,2,2,Escherichia coli,E0c0,1.5608714753042694e-09,1509.1559093280446,1509.1559093296055,1.0,5,424.9999107500094,1.863883623793015e-18,757.4998409250148
4,mono,1,2,2,Escherichia coli,E1c2,1.0,0.0,1.0,1.8899948196976792,5,424.9999107500094,1.863883623793015e-18,757.4998409250148
4,mono,1,3,1,Escherichia coli,E0c0,5.084306241492736,5.065644911154581,10.149951152647317,1.0,5,1387.7558891235533,1127.5601024854304,1133.6640806022333
4,mono,1,3,1,Escherichia coli,E1c2,0.035484578788179046,0.01278377913688976,0.048268357925068804,1.8899948196976792,5,1387.7558891235533,1127.5601024854304,1133.6640806022333
4,mono,1,3,2,Escherichia coli,E0c0,0.0,1505.2365944751473,1505.2365944751473,1.0,5,424.99991075000986,3.9453557860763275e-22,757.4998409250162
4,mono,1,3,2,Escherichia coli,E1c2,3.3965744676309467e-10,4.961307919318152,4.961307919657809,1.8899948196976792,5,424.99991075000986,3.9453557860763275e-22,757.4998409250162
4,mono,1,4,1,Escherichia coli,E0c0,5.071102173668658,5.052488424074087,10.123590597742744,1.0,5,1387.7630815598914,1127.6320268488032,1133.59143699523
4,mono,1,4,1,Escherichia coli,E1c2,0.17604992176751266,0.06342425753839198,0.23947417930590464,1.8899948196976792,5,1387.7630815598914,1127.6320268488032,1133.59143699523
4,mono,1,4,2,Escherichia coli,E0c0,0.0,1485.9993716535737,1485.9993716535737,1.0,5,424.9999107500099,1.2302002458433897e-23,757.4998409250167
4,mono,1,4,2,Escherichia coli,E1c2,1.4427972698173174e-09,24.363375973012737,24.363375974455533,1.8899948196976792,5,424.9999107500099,1.2302002458433897e-23,757.4998409250167
4,mono,1,5,1,Escherichia coli,E0c0,5.006292480056701,4.987912273334639,9.99420475339134,1.0,5,1387.7993164231991,1127.994375481879,1133.2254648758244
4,mono,1,5,1,Escherichia coli,E1c2,0.864524134311533,0.31145580744723667,1.1759799417587695,1.8899948196976792,5,1387.7993164231991,1127.994375481879,1133.2254648758244
4,mono,1,5,2,Escherichia coli,E0c0,3.1867424189872205e-13,1397.218374427462,1397.2183744274623,1.0,5,424.9999107500091,5.1733533915528266e-20,757.499840925017
4,mono,1,5,2,Escherichia coli,E1c2,3.144812984023933e-10,113.95149295486708,113.95149295518156,1.8899948196976792,5,424.9999107500091,5.1733533915528266e-20,757.499840925017
4,mono,1,6,1,Escherichia coli,E0c0,4.707191654446883,4.689890843338582,9.397082497785465,1.0,5,1387.965495647024,1129.6561677201203,1131.5470547152001
4,mono,1,6,1,Escherichia coli,E1c2,4.043520729797462,1.4567259840733882,5.500246713870849,1.8899948196976792,5,1387.965495647024,1129.6561677201203,1131.5470547152001
4,mono,1,6,2,Escherichia coli,E0c0,0.0,1077.6572030270102,1077.6572030270102,1.0,5,424.99991075000884,-9.339757042039803e-21,757.499840925014
4,mono,1,6,2,Escherichia coli,E1c2,4.679410000723975e-09,436.2398081133077,436.2398081179871,1.8899948196976792,5,424.99991075000884,-9.339757042039803e-21,757.499840925014
4,mono,1,6,2,Escherichia coli,E2c6,1.0,0.0,1.0,2.170000070152891,5,424.99991075000884,-9.339757042039803e-21,757.499840925014
4,mono,1,7,1,Escherichia coli,E0c0,3.630598541086158,3.6172040826472256,7.247802623733383,1.0,5,1388.5459108718876,1135.4603199687633,1125.6848609440692
4,mono,1,7,1,Escherichia coli,E1c2,15.479785841712896,5.576725035727695,21.05651087744059,1.8899948196976792,5,1388.5459108718876,1135.4603199687633,1125.6848609440692
4,mono,1,7,1,Escherichia coli,E2c6,0.049921946088541495,0.014970722366063845,0.06489266845460534,2.170000070152891,5,1388.5459108718876,1135.4603199687633,1125.6848609440692
4,mono,1,7,2,Escherichia coli,E0c0,0.0,506.0080136230665,506.0080136230665,1.0,5,424.9999107500088,4.245919098078782e-19,757.4998409250175
4,mono,1,7,2,Escherichia coli,E1c2,1.5288991312517538e-09,1019.494576242027,1019.4945762435559,1.8899948196976792,5,424.9999107500088,4.245919098078782e-19,757.4998409250175
4,mono,1,7,2,Escherichia coli,E2c6,1.5075406884351998e-10,2.8662955103342775,2.8662955104850316,2.170000070152891,5,424.9999107500088,4.245919098078782e-19,757.4998409250175
4,mono,1,8,1,Escherichia coli,E0c0,1.7047275808443922,1.6984003763329116,3.403127957177304,1.0,5,1389.4305593100444,1144.3068043503397,1116.7499117186776
4,mono,1,8,1,Escherichia coli,E1c2,36.17633561496453,13.032648470924316,49.208984085888844,1.8899948196976792,5,1389.4305593100444,1144.3068043503397,1116.7499117186776
4,mono,1,8,1,Escherichia coli,E2c6,0.1430910499483911,0.042909937333911366,0.18600098728230247,2.170000070152891,5,1389.4305593100444,1144.3068043503397,1116.7499117186776
4,mono,1,8,2,Escherichia coli,E0c0,4.964097407855561e-16,140.23166963429617,140.23166963429617,1.0,5,424.9999107500091,-5.869286443773082e-18,757.4998409250194
4,mono,1,8,2,Escherichia coli,E1c2,9.596038504935478e-09,1406.7091187523654,1406.7091187619615,1.8899948196976792,5,424.9999107500091,-5.869286443773082e-18,757.4998409250194
4,mono,1,8,2,Escherichia coli,E2c6,6.058888984475969e-10,4.856998897853416,4.856998898459305,2.170000070152891,5,424.9999107500091,-5.869286443773082e-18,757.4998409250194
4,mono,1,8,2,Escherichia coli,E3c8,1.0,0.0,1.0,2.860792408575736,5,424.9999107500091,-5.869286443773082e-18,757.4998409250194
4,mono,1,9,1,Escherichia coli,E0c0,0.4724367737280806,0.4706790026343441,0.9431157763624247,1.0,5,1389.643072056602,1146.4319318159,1114.6035329784645
4,mono,1,9,1,Escherichia coli,E1c2,49.91648055327699,17.98248602058339,67.89896657386038,1.8899948196976792,5,1389.643072056602,1146.4319318159,1114.6035329784645
4,mono,1,9,1,Escherichia coli,E2c6,0.24247083715448386,0.07271143895924029,0.3151822761137242,2.170000070152891,5,1389.643072056602,1146.4319318159,1114.6035329784645
4,mono,1,9,1,Escherichia coli,E3c8,0.08708116345177253,0.018473632213629975,0.1055547956654025,2.860792408575736,5,1389.643072056602,1146.4319318159,1114.6035329784645
4,mono,1,9,2,Escherichia coli,E0c0,0.0,30.594654521363807,30.594654521363807,1.0,5,424.99991075001,-4.862107764893972e-19,757.4998409250169
4,mono,1,9,2,Escherichia coli,E1c2,9.17036609315309e-09,1530.386974173493,1530.3869741826634,1.8899948196976792,5,424.99991075001,-4.862107764893972e-19,757.4998409250169
4,mono,1,9,2,Escherichia coli,E2c6,8.780135387531732e-10,6.487462645873176,6.487462646751189,2.170000070152891,5,424.99991075001,-4.862107764893972e-19,757.4998409250169
4,mono,1,9,2,Escherichia coli,E3c8,3.60508050284851e-08,1.793398967965436,1.793399004016241,2.860792408575736,5,424.99991075001,-4.862107764893972e-19,757.4998409250169
4,mono,2,0,0,Escherichia coli,E0c0,10.0,0.0,10.0,1.0,5,1000.0,1500.0,0.0
4,mono,2,0,1,Escherichia coli,E0c0,0.06737946805041238,0.06714170596202192,0.1345211740124343,1.0,5,999.5067010687172,1495.0672231871742,4.982066705953586
4,mono,2,0,2,Escherichia coli,E0c0,0.0,1500.134206146143,1500.134206146143,1.0,5,424.99991075001066,-1.2077435579337627e-32,757.4998409250187
4,mono,2,1,1,Escherichia coli,E0c0,5.053912362677143,5.035343876976059,10.089256239653203,1.0,5,1388.0009835346727,1130.0110465965968,1131.18862704996
4,mono,2,1,2,Escherichia coli,E0c0,3.0334953829531054e-12,1510.0889391462129,1510.0889391462158,1.0,5,424.9999107500105,-4.22398780445495e-25,757.4998409250206
4,mono,2,2,1,Escherichia coli,E0c0,5.087449594205842,5.068776842738164,10.156226436944007,1.0,5,1387.75546372452,1127.5558484950823,1133.6683771324924
4,mono,2,2,2,Escherichia coli,E0c0,1.5608714753042694e-09,1510.1559093280446,1510.1559093296055,1.0,5,424.9999107500094,1.863883623793015e-18,757.4998409250148
4,mono,2,3,1,Escherichia coli,E0c0,5.087675214977807,5.06900176316466,10.156676978142468,1.0,5,1387.7538119970277,1127.53933122017,1133.685059580148
4,mono,2,3,2,Escherichia coli,E0c0,0.0,1509.1563598707921,1509.1563598707921,1.0,5,424.99991075001117,2.9160766940684547e-24,757.4998409250181
4,mono,2,3,2,Escherichia coli,E1c3,1.0,0.0,1.0,1.7059363625712267,5,424.99991075001117,2.9160766940684547e-24,757.4998409250181
4,mono,2,4,1,Escherichia coli,E0c0,5.084307759354177,5.065646477716878,10.149954237071054,1.0,5,1387.7553519998667,1127.5547312485148,1133.6695055515204
4,mono,2,4,1,Escherichia coli,E1c3,0.026673389261302215,0.011074680647881934,0.03774806990918415,1.7059363625712267,5,1387.7553519998667,1127.5547312485148,1133.6695055515204
4,mono,2,4,2,Escherichia coli,E0c0,6.8856545397447315e-12,1505.0420532622857,1505.0420532622925,1.0,5,424.99991075000946,-1.757915336135324e-24,757.4998409250167
4,mono,2,4,2,Escherichia coli,E1c3,0.0,4.145331931076982,4.145331931076982,1.7059363625712267,5,424.99991075000946,-1.757915336135324e-24,757.4998409250167
4,mono,2,4,2,Escherichia coli,E2c4,1.0,0.0,1.0,1.1961421719202694,5,424.99991075000946,-1.757915336135324e-24,757.4998409250167
4,mono,2,5,1,Escherichia coli,E0c0,5.070446769480537,5.0518357774995994,10.122282546980136,1.0,5,1387.7597863121912,1127.5990743717928,1133.6247189970095
4,mono,2,5,1,Escherichia coli,E1c3,0.11057005221491933,0.04590822378035559,0.15647827599527492,1.7059363625712267,5,1387.7597863121912,1127.5990743717928,1133.6247189970095
4,mono,2,5,1,Escherichia coli,E2c4,0.007648449834068715,0.005491947051205362,0.013140396885274077,1.1961421719202694,5,1387.7597863121912,1127.5990743717928,1133.6247189970095
4,mono,2,5,2,Escherichia coli,E0c0,2.0466727246943092e-10,1491.4632009763536,1491.4632009765583,1.0,5,424.99991075000867,1.2057426499927817e-31,757.4998409250167
4,mono,2,5,2,Escherichia coli,E1c3,0.0,17.06398730610968,17.06398730610968,1.7059363625712267,5,424.99991075000867,1.2057426499927817e-31,757.4998409250167
4,mono,2,5,2,Escherichia coli,E2c4,8.800414441838874e-13,1.7643958023793704,1.7643958023802504,1.1961421719202694,5,424.99991075000867,1.2057426499927817e-31,757.4998409250167
4,mono,2,6,1,Escherichia coli,E0c0,5.024699976172588,5.006254628206017,10.030954604378605,1.0,5,1387.7774998767272,1127.7762100171549,1133.4458119951948
4,mono,2,6,1,Escherichia coli,E1c3,0.45515437576573314,0.18897813826385065,0.6441325140295838,1.7059363625712267,5,1387.7774998767272,1127.7762100171549,1133.4458119951948
4,mono,2,6,1,Escherichia coli,E2c4,0.013494892781933877,0.009689964621895574,0.023184857403829452,1.1961421719202694,5,1387.7774998767272,1127.7762100171549,1133.4458119951948
4,mono,2,6,2,Escherichia coli,E0c0,3.4849498006034214e-11,1438.2644032494559,1438.2644032494907,1.0,5,424.9999107500093,-2.223709383571026e-22,757.4998409250156
4,mono,2,6,2,Escherichia coli,E1c3,0.0,68.40205821779442,68.40205821779442,1.7059363625712267,5,424.9999107500093,-2.223709383571026e-22,757.4998409250156
4,mono,2,6,2,Escherichia coli,E2c4,7.212336155417402e-13,3.0314932911519294,3.0314932911526506,1.1961421719202694,5,424.9999107500093,-2.223709383571026e-22,757.4998409250156
4,mono,2,6,2,Escherichia coli,E3c6,1.0,0.0,1.0,2.096128944108246,5,424.9999107500093,-2.223709383571026e-22,757.4998409250156
4,mono,2,7,1,Escherichia coli,E0c0,4.845474637201653,4.827678308572931,9.673152945774584,1.0,5,1387.850202139166,1128.5032326415437,1132.7115191445594
4,mono,2,7,1,Escherichia coli,E1c3,1.824514725116728,0.7575297285880394,2.5820444537047673,1.7059363625712267,5,1387.850202139166,1128.5032326415437,1132.7115191445594
4,mono,2,7,1,Escherichia coli,E2c4,0.023186224359594707,0.016648768373658022,0.03983499273325273,1.1961421719202694,5,1387.850202139166,1128.5032326415437,1132.7115191445594
4,mono,2,7,1,Escherichia coli,E3c6,0.046028402878191765,0.014441844771702461,0.060470247649894227,2.096128944108246,5,1387.850202139166,1128.5032326415437,1132.7115191445594
4,mono,2,7,2,Escherichia coli,E0c0,6.603275410393284e-13,1252.690634611831,1252.6906346118317,1.0,5,424.99991075000855,-4.3995190081780927e-23,757.4998409250173
4,mono,2,7,2,Escherichia coli,E1c3,3.429426055582989e-10,247.88005871265491,247.88005871299785,1.7059363625712267,5,424.99991075000855,-4.3995190081780927e-23,757.4998409250173
4,mono,2,7,2,Escherichia coli,E2c4,1.4571112952395456e-13,4.708569418106468,4.708569418106614,1.1961421719202694,5,424.99991075000855,-4.3995190081780927e-23,757.4998409250173
4,mono,2,7,2,Escherichia coli,E3c6,1.7104177575763378e-10,5.0759223425433575,5.075922342714399,2.096128944108246,5,424.99991075000855,-4.3995190081780927e-23,757.4998409250173
4,mono,2,7,2,Escherichia coli,E4c7,1.0,0.0,1.0,2.011129229728187,5,424.99991075000855,-4.3995190081780927e-23,757.4998409250173
4,mono,2,7,2,Escherichia coli,E5c7,1.0,0.0,1.0,1.9722897146846055,5,424.99991075000855,-4.3995190081780927e-23,757.4998409250173
4,mono,2,8,1,Escherichia coli,E0c0,4.220281531257397,4.204754293846318,8.425035825103716,1.0,5,1388.1039630807538,1131.0408420574358,1130.1485336345115
4,mono,2,8,1,Escherichia coli,E1c3,6.611801296158009,2.7451762363755434,9.356977532533552,1.7059363625712267,5,1388.1039630807538,1131.0408420574358,1130.1485336345115
4,mono,2,8,1,Escherichia coli,E2c4,0.036013256984149984,0.025859023239371035,0.06187228022352102,1.1961421719202694,5,1388.1039630807538,1131.0408420574358,1130.1485336345115
4,mono,2,8,1,Escherichia coli,E3c6,0.23363659856882044,0.07330539444848763,0.30694199301730807,2.096128944108246,5,1388.1039630807538,1131.0408420574358,1130.1485336345115
4,mono,2,8,1,Escherichia coli,E4c7,0.041614249787243554,0.013790897896189907,0.055405147683433464,2.011129229728187,5,1388.1039630807538,1131.0408420574358,1130.1485336345115
4,mono,2,8,1,Escherichia coli,E5c7,0.03962592542914168,0.013478207827548315,0.05310413325668999,1.9722897146846055,5,1388.1039630807538,1131.0408420574358,1130.1485336345115
4,mono,2,8,2,Escherichia coli,E0c0,1.4962812440710352e-12,815.8267665014835,815.8267665014849,1.0,5,424.99991075000924,-6.922598966505515e-19,757.4998409250156
4,mono,2,8,2,Escherichia coli,E1c3,0.0,670.6950841785969,670.6950841785969,1.7059363625712267,5,424.99991075000924,-6.922598966505515e-19,757.4998409250156
4,mono,2,8,2,Escherichia coli,E2c4,0.0,5.459907014359498,5.459907014359498,1.1961421719202694,5,424.99991075000924,-6.922598966505515e-19,757.4998409250156
4,mono,2,8,2,Escherichia coli,E3c6,7.056723978327734e-10,19.240053943616616,19.240053944322288,2.096128944108246,5,424.99991075000924,-6.922598966505515e-19,757.4998409250156
4,mono,2,8,2,Escherichia coli,E4c7,5.401108825558215e-11,3.570494767916702,3.570494767970713,2.011129229728187,5,424.99991075000924,-6.922598966505515e-19,757.4998409250156
4,mono,2,8,2,Escherichia coli,E5c7,3.311470635717861e-11,3.466711752046819,3.466711752079934,1.9722897146846055,5,424.99991075000924,-6.922598966505515e-19,757.4998409250156
4,mono,2,9,1,Escherichia coli,E0c0,2.7484987434961172,2.7383467364071747,5.486845479903292,1.0,5,1388.6644646943582,1136.6458581934678,1124.487467337116
4,mono,2,9,1,Escherichia coli,E1c3,17.8897110559681,7.427618130380407,25.317329186348505,1.7059363625712267,5,1388.6644646943582,1136.6458581934678,1124.487467337116
4,mono,2,9,1,Escherichia coli,E2c4,0.04175982489779349,0.029984932644750027,0.07174475754254352,1.1961421719202694,5,1388.6644646943582,1136.6458581934678,1124.487467337116
4,mono,2,9,1,Escherichia coli,E3c6,0.8855889543479588,0.2778583334307184,1.1634472877786772,2.096128944108246,5,1388.6644646943582,1136.6458581934678,1124.487467337116
4,mono,2,9,1,Escherichia coli,E4c7,0.14858346113854437,0.04923988784881074,0.1978233489873551,2.011129229728187,5,1388.6644646943582,1136.6458581934678,1124.487467337116
4,mono,2,9,1,Escherichia coli,E5c7,0.13737166137242113,0.04672463962770962,0.18409630100013075,1.9722897146846055,5,1388.6644646943582,1136.6458581934678,1124.487467337116
4,mono,2,9,2,Escherichia coli,E0c0,0.0,331.21686227584627,331.21686227584627,1.0,5,424.99991075000855,-1.3047312281212613e-25,757.4998409250173
4,mono,2,9,2,Escherichia coli,E1c3,3.990648354145272e-09,1135.1132301847647,1135.1132301887553,1.7059363625712267,5,424.99991075000855,-1.3047312281212613e-25,757.4998409250173
4,mono,2,9,2,Escherichia coli,E2c4,0.0,3.9589059375268705,3.9589059375268705,1.1961421719202694,5,424.99991075000855,-1.3047312281212613e-25,757.4998409250173
4,mono,2,9,2,Escherichia coli,E3c6,3.800409714961541e-09,45.6359181528218,45.63591815662221,2.096128944108246,5,424.99991075000855,-1.3047312281212613e-25,757.4998409250173
4,mono,2,9,2,Escherichia coli,E4c7,3.4752574789847076e-10,7.976677381833152,7.976677382180678,2.011129229728187,5,424.99991075000855,-1.3047312281212613e-25,757.4998409250173
4,mono,2,9,2,Escherichia coli,E5c7,2.424105362970361e-10,7.519370790663241,7.5193707909056515,1.9722897146846055,5,424.99991075000855,-1.3047312281212613e-25,757.4998409250173
4,mono,2,9,2,Escherichia coli,E6c9,1.0,0.0,1.0,2.075802967228583,5,424.99991075000855,-1.3047312281212613e-25,757.4998409250173
4,mono,3,0,0,Escherichia coli,E0c0,10.0,0.0,10.0,1.0,5,1000.0,1500.0,0.0
4,mono,3,0,1,Escherichia coli,E0c0,0.06737946805041238,0.06714170596202192,0.1345211740124343,1.0,5,999.5067010687172,1495.0672231871742,4.982066705953586
4,mono,3,0,2,Escherichia coli,E0c0,0.0,1500.134206146143,1500.134206146143,1.0,5,424.99991075001066,-1.2077435579337627e-32,757.4998409250187
4,mono,3,1,1,Escherichia coli,E0c0,5.053912362677143,5.035343876976059,10.089256239653203,1.0,5,1388.0009835346727,1130.0110465965968,1131.18862704996
4,mono,3,1,2,Escherichia coli,E0c0,3.0334953829531054e-12,1510.0889391462129,1510.0889391462158,1.0,5,424.9999107500105,-4.22398780445495e-25,757.4998409250206
4,mono,3,2,1,Escherichia coli,E0c0,5.087449594205842,5.068776842738164,10.156226436944007,1.0,5,1387.75546372452,1127.5558484950823,1133.6683771324924
4,mono,3,2,2,Escherichia coli,E0c0,1.5608714753042694e-09,1510.1559093280446,1510.1559093296055,1.0,5,424.9999107500094,1.863883623793015e-18,757.4998409250148
4,mono,3,3,1,Escherichia coli,E0c0,5.087675214977807,5.06900176316466,10.156676978142468,1.0,5,1387.7538119970277,1127.53933122017,1133.685059580148
4,mono,3,3,2,Escherichia coli,E0c0,0.0,1510.1563598707921,1510.1563598707921,1.0,5,424.99991075001117,2.9160766940684547e-24,757.4998409250181
4,mono,3,4,1,Escherichia coli,E0c0,5.0876767328393235,5.069003276314614,10.156680009153938,1.0,5,1387.7538008850518,1127.5392201003795,1133.6851718111395
4,mono,3,4,2,Escherichia coli,E0c0,0.0,1510.1563629018056,1510.1563629018056,1.0,5,424.99991075001157,2.9155589725092784e-24,757.4998409250181
4,mono,3,5,1,Escherichia coli,E0c0,5.087676743050491,5.069003286494137,10.156680029544628,1.0,5,1387.7538008102958,1127.5392193528214,1133.685172566172
4,mono,3,5,2,Escherichia coli,E0c0,0.0,1509.1563629221957,1509.1563629221957,1.0,5,424.9999107500114,2.9150326246146545e-24,757.4998409250196
4,mono,3,5,2,Escherichia coli,E1c5,1.0,0.0,1.0,1.5102527071053968,5,424.9999107500114,2.9150326246146545e-24,757.4998409250196
4,mono,3,6,1,Escherichia coli,E0c0,5.084307769634227,5.0656465445942755,10.149954314228502,1.0,5,1387.754828796239,1127.5494992122663,1133.6747899081336
4,mono,3,6,1,Escherichia coli,E1c5,0.01824523381643689,0.009040211739083797,0.027285445555520687,1.5102527071053968,5,1387.754828796239,1127.5494992122663,1133.6747899081336
4,mono,3,6,2,Escherichia coli,E0c0,6.914103095788393e-11,1504.9457030064827,1504.9457030065519,1.0,5,424.99991075000975,4.701097379617785e-21,757.4998409250169
4,mono,3,6,2,Escherichia coli,E1c5,4.4067196565404806e-11,3.2312196415671566,3.231219641611224,1.5102527071053968,5,424.99991075000975,4.701097379617785e-21,757.4998409250169
4,mono,3,6,2,Escherichia coli,E2c6,1.0,0.0,1.0,1.7254103302418824,5,424.99991075000975,4.701097379617785e-21,757.4998409250169
4,mono,3,6,2,Escherichia coli,E3c6,1.0,0.0,1.0,1.9014690082257053,5,424.99991075000975,4.701097379617785e-21,757.4998409250169
4,mono,3,7,1,Escherichia coli,E0c0,5.070122168023849,5.051512308936059,10.121634476959908,1.0,5,1387.7603315405827,1127.6045266557057,1133.619212190259
4,mono,3,7,1,Escherichia coli,E1c5,0.05895435787345675,0.029210906837836528,0.08816526471129328,1.5102527071053968,5,1387.7603315405827,1127.6045266557057,1133.619212190259
4,mono,3,7,1,Escherichia coli,E2c6,0.027570509235192314,0.011265443458711203,0.03883595269390352,1.7254103302418824,5,1387.7603315405827,1127.6045266557057,1133.619212190259
4,mono,3,7,1,Escherichia coli,E3c6,0.03605560090339564,0.01288322026735926,0.048938821170754904,1.9014690082257053,5,1387.7603315405827,1127.6045266557057,1133.619212190259
4,mono,3,7,2,Escherichia coli,E0c0,0.0,1490.7604259193806,1490.7604259193806,1.0,5,424.99991075000935,1.7306758117986727e-21,757.499840925016
4,mono,3,7,2,Escherichia coli,E1c5,1.7725366592803387e-11,10.35755316195382,10.357553161971545,1.5102527071053968,5,424.99991075000935,1.7306758117986727e-21,757.499840925016
4,mono,3,7,2,Escherichia coli,E2c6,6.595719964481554e-11,4.203178856756217,4.203178856822174,1.7254103302418824,5,424.99991075000935,1.7306758117986727e-21,757.499840925016
4,mono,3,7,2,Escherichia coli,E3c6,3.573458415645471e-10,4.976099441277891,4.976099441635237,1.9014690082257053,5,424.99991075000935,1.7306758117986727e-21,757.499840925016
4,mono,3,8,1,Escherichia coli,E0c0,5.022332345639406,5.00389559440175,10.026227940041156,1.0,5,1387.7782243063086,1127.7834543129647,1133.4384952564246
4,mono,3,8,1,Escherichia coli,E1c5,0.18897597920629755,0.09363443362528576,0.2826104128315833,1.5102527071053968,5,1387.7782243063086,1127.7834543129647,1133.4384952564246
4,mono,3,8,1,Escherichia coli,E2c6,0.11588378148917161,0.04735065930063398,0.1632344407898056,1.7254103302418824,5,1387.7782243063086,1127.7834543129647,1133.4384952564246
4,mono,3,8,1,Escherichia coli,E3c6,0.17941625552320234,0.0641081664826503,0.24352442200585264,1.9014690082257053,5,1387.7782243063086,1127.7834543129647,1133.4384952564246
4,mono,3,8,2,Escherichia coli,E0c0,5.627159689097288e-11,1436.1135346210579,1436.113534621114,1.0,5,424.999910750009,1.978160292457827e-31,757.4998409250151
4,mono,3,8,2,Escherichia coli,E1c5,0.0,32.31067185424252,32.31067185424252,1.5102527071053968,5,424.999910750009,1.978160292457827e-31,757.4998409250151
4,mono,3,8,2,Escherichia coli,E2c6,5.240231421992264e-11,17.193151890012633,17.193151890065035,1.7254103302418824,5,424.999910750009,1.978160292457827e-31,757.4998409250151
4,mono,3,8,2,Escherichia coli,E3c6,9.564255006899085e-10,24.097921628401718,24.097921629358144,1.9014690082257053,5,424.999910750009,1.978160292457827e-31,757.4998409250151
4,mono,3,8,2,Escherichia coli,E4c8,1.0,0.0,1.0,2.040389417765107,5,424.999910750009,1.978160292457827e-31,757.4998409250151
4,mono,3,9,1,Escherichia coli,E0c0,4.8382284178235055,4.820458292841798,9.658686710665304,1.0,5,1387.8542177586787,1128.5433888366579,1132.670961387495
4,mono,3,9,1,Escherichia coli,E1c5,0.5895157627462445,0.2920947903277184,0.8816105530739629,1.5102527071053968,5,1387.8542177586787,1128.5433888366579,1132.670961387495
4,mono,3,9,1,Escherichia coli,E2c6,0.4740239529669253,0.19368817488438506,0.6677121278513103,1.7254103302418824,5,1387.8542177586787,1128.5433888366579,1132.670961387495
4,mono,3,9,1,Escherichia coli,E3c6,0.8688650448692724,0.3104583642690778,1.1793234091383502,1.9014690082257053,5,1387.8542177586787,1128.5433888366579,1132.670961387495
4,mono,3,9,1,Escherichia coli,E4c8,0.043124681386124325,0.014020169311718246,0.05714485069784257,2.040389417765107,5,1387.8542177586787,1128.5433888366579,1132.670961387495
4,mono,3,9,2,Escherichia coli,E0c0,2.5592234463980392e-12,1247.0915692037584,1247.0915692037609,1.0,5,424.99991075000884,3.2400377875572756e-21,757.4998409250165
4,mono,3,9,2,Escherichia coli,E1c5,0.0,90.86935170445486,90.86935170445486,1.5102527071053968,5,424.99991075000884,3.2400377875572756e-21,757.4998409250165
4,mono,3,9,2,Escherichia coli,E2c6,9.408317190594925e-13,63.404869205838864,63.4048692058398,1.7254103302418824,5,424.99991075000884,3.2400377875572756e-21,757.4998409250165
4,mono,3,9,2,Escherichia coli,E3c6,8.923693820177851e-10,105.21237900410294,105.21237900499531,1.9014690082257053,5,424.99991075000884,3.2400377875572756e-21,757.4998409250165
4,mono,3,9,2,Escherichia coli,E4c8,1.636925471174538e-10,4.865990960392743,4.865990960556435,2.040389417765107,5,424.99991075000884,3.2400377875572756e-21,757.4998409250165
4,mono,3,9,2,Escherichia coli,E5c9,1.0,0.0,1.0,1.72992643770989,5,424.99991075000884,3.2400377875572756e-21,757.4998409250165
4,mono,4,0,0,Escherichia coli,E0c0,10.0,0.0,10.0,1.0,5,1000.0,1500.0,0.0
4,mono,4,0,1,Escherichia coli,E0c0,0.06737946805041238,0.06714170596202192,0.1345211740124343,1.0,5,999.5067010687172,1495.0672231871742,4.982066705953586
4,mono,4,0,2,Escherichia coli,E0c0,0.0,1500.134206146143,1500.134206146143,1.0,5,424.99991075001066,-1.2077435579337627e-32,757.4998409250187
4,mono,4,1,1,Escherichia coli,E0c0,5.053912362677143,5.035343876976059,10.089256239653203,1.0,5,1388.0009835346727,1130.0110465965968,1131.18862704996
4,mono,4,1,2,Escherichia coli,E0c0,3.0334953829531054e-12,1510.0889391462129,1510.0889391462158,1.0,5,424.9999107500105,-4.22398780445495e-25,757.4998409250206
4,mono,4,2,1,Escherichia coli,E0c0,5.087449594205842,5.068776842738164,10.156226436944007,1.0,5,1387.75546372452,1127.5558484950823,1133.6683771324924
4,mono,4,2,2,Escherichia coli,E0c0,1.5608714753042694e-09,1510.1559093280446,1510.1559093296055,1.0,5,424.9999107500094,1.863883623793015e-18,757.4998409250148
4,mono,4,3,1,Escherichia coli,E0c0,5.087675214977807,5.06900176316466,10.156676978142468,1.0,5,1387.7538119970277,1127.53933122017,1133.685059580148
4,mono,4,3,2,Escherichia coli,E0c0,0.0,1510.1563598707921,1510.1563598707921,1.0,5,424.99991075001117,2.9160766940684547e-24,757.4998409250181
4,mono,4,4,1,Escherichia coli,E0c0,5.0876767328393235,5.069003276314614,10.156680009153938,1.0,5,1387.7538008850518,1127.5392201003795,1133.6851718111395
4,mono,4,4,2,Escherichia coli,E0c0,0.0,1510.1563629018056,1510.1563629018056,1.0,5,424.99991075001157,2.9155589725092784e-24,757.4998409250181
4,mono,4,5,1,Escherichia coli,E0c0,5.087676743050491,5.069003286494137,10.156680029544628,1.0,5,1387.7538008102958,1127.5392193528214,1133.685172566172
4,mono,4,5,2,Escherichia coli,E0c0,0.0,1510.1563629221957,1510.1563629221957,1.0,5,424.9999107500114,2.9150326246146545e-24,757.4998409250196
4,mono,4,6,1,Escherichia coli,E0c0,5.0876767431192675,5.06900328656268,10.156680029681947,1.0,5,1387.753800809793,1127.539219347793,1133.6851725712525
4,mono,4,6,2,Escherichia coli,E0c0,0.0,1510.1563629223313,1510.1563629223313,1.0,5,424.99991075001105,2.915500644630964e-24,757.4998409250187
4,mono,4,7,1,Escherichia coli,E0c0,5.08767674311972,5.069003286563137,10.156680029682857,1.0,5,1387.7538008097893,1127.5392193477603,1133.6851725712852
4,mono,4,7,2,Escherichia coli,E0c0,0.0,1510.1563629223328,1510.1563629223328,1.0,5,424.999910750011,2.9154861203648298e-24,757.499840925019
4,mono,4,8,1,Escherichia coli,E0c0,5.087676743119781,5.0690032865631816,10.156680029682963,1.0,5,1387.7538008097886,1127.5392193477585,1133.6851725712852
4,mono,4,8,2,Escherichia coli,E0c0,0.0,1509.156362922333,1509.156362922333,1.0,5,424.9999107500105,2.9155703084834795e-24,757.4998409250177
4,mono,4,8,2,Escherichia coli,E1c8,1.0,0.0,1.0,1.9676010702195716,5,424.9999107500105,2.9155703084834795e-24,757.4998409250177
4,mono,4,9,1,Escherichia coli,E0c0,5.084307769634557,5.065646412224243,10.1499541818588,1.0,5,1387.7561058747026,1127.562269996901,1133.6618914156525
4,mono,4,9,1,Escherichia coli,E1c8,0.03938726641851988,0.01343988173537786,0.052827148153897746,1.9676010702195716,5,1387.7561058747026,1127.562269996901,1133.6618914156525
4,mono,4,9,2,Escherichia coli,E0c0,0.0,1504.9152824000028,1504.9152824000028,1.0,5,424.9999107500096,3.154146766045578e-22,757.4998409250168
4,mono,4,9,2,Escherichia coli,E1c8,5.654811086399681e-10,5.28718181274502,5.287181813310501,1.9676010702195716,5,424.9999107500096,3.154146766045578e-22,757.4998409250168
